<?xml version="1.0" encoding="UTF-8"?>
<spirit:component xmlns:xilinx="http://www.xilinx.com" xmlns:spirit="http://www.spiritconsortium.org/XMLSchema/SPIRIT/1685-2009" xmlns:xsi="http://www.w3.org/2001/XMLSchema-instance">
  <spirit:vendor>xilinx.com</spirit:vendor>
  <spirit:library>customized_ip</spirit:library>
  <spirit:name>MIPSfpga_system_ahblite_axi_bridge_0_0</spirit:name>
  <spirit:version>1.0</spirit:version>
  <spirit:busInterfaces>
    <spirit:busInterface>
      <spirit:name>M_AXI</spirit:name>
      <spirit:displayName>m_axi</spirit:displayName>
      <spirit:busType spirit:vendor="xilinx.com" spirit:library="interface" spirit:name="aximm" spirit:version="1.0"/>
      <spirit:abstractionType spirit:vendor="xilinx.com" spirit:library="interface" spirit:name="aximm_rtl" spirit:version="1.0"/>
      <spirit:master/>
      <spirit:portMaps>
        <spirit:portMap>
          <spirit:logicalPort>
            <spirit:name>ARADDR</spirit:name>
          </spirit:logicalPort>
          <spirit:physicalPort>
            <spirit:name>m_axi_araddr</spirit:name>
          </spirit:physicalPort>
        </spirit:portMap>
        <spirit:portMap>
          <spirit:logicalPort>
            <spirit:name>ARBURST</spirit:name>
          </spirit:logicalPort>
          <spirit:physicalPort>
            <spirit:name>m_axi_arburst</spirit:name>
          </spirit:physicalPort>
        </spirit:portMap>
        <spirit:portMap>
          <spirit:logicalPort>
            <spirit:name>ARCACHE</spirit:name>
          </spirit:logicalPort>
          <spirit:physicalPort>
            <spirit:name>m_axi_arcache</spirit:name>
          </spirit:physicalPort>
        </spirit:portMap>
        <spirit:portMap>
          <spirit:logicalPort>
            <spirit:name>ARID</spirit:name>
          </spirit:logicalPort>
          <spirit:physicalPort>
            <spirit:name>m_axi_arid</spirit:name>
          </spirit:physicalPort>
        </spirit:portMap>
        <spirit:portMap>
          <spirit:logicalPort>
            <spirit:name>ARLEN</spirit:name>
          </spirit:logicalPort>
          <spirit:physicalPort>
            <spirit:name>m_axi_arlen</spirit:name>
          </spirit:physicalPort>
        </spirit:portMap>
        <spirit:portMap>
          <spirit:logicalPort>
            <spirit:name>ARLOCK</spirit:name>
          </spirit:logicalPort>
          <spirit:physicalPort>
            <spirit:name>m_axi_arlock</spirit:name>
          </spirit:physicalPort>
        </spirit:portMap>
        <spirit:portMap>
          <spirit:logicalPort>
            <spirit:name>ARPROT</spirit:name>
          </spirit:logicalPort>
          <spirit:physicalPort>
            <spirit:name>m_axi_arprot</spirit:name>
          </spirit:physicalPort>
        </spirit:portMap>
        <spirit:portMap>
          <spirit:logicalPort>
            <spirit:name>ARREADY</spirit:name>
          </spirit:logicalPort>
          <spirit:physicalPort>
            <spirit:name>m_axi_arready</spirit:name>
          </spirit:physicalPort>
        </spirit:portMap>
        <spirit:portMap>
          <spirit:logicalPort>
            <spirit:name>ARSIZE</spirit:name>
          </spirit:logicalPort>
          <spirit:physicalPort>
            <spirit:name>m_axi_arsize</spirit:name>
          </spirit:physicalPort>
        </spirit:portMap>
        <spirit:portMap>
          <spirit:logicalPort>
            <spirit:name>ARVALID</spirit:name>
          </spirit:logicalPort>
          <spirit:physicalPort>
            <spirit:name>m_axi_arvalid</spirit:name>
          </spirit:physicalPort>
        </spirit:portMap>
        <spirit:portMap>
          <spirit:logicalPort>
            <spirit:name>AWADDR</spirit:name>
          </spirit:logicalPort>
          <spirit:physicalPort>
            <spirit:name>m_axi_awaddr</spirit:name>
          </spirit:physicalPort>
        </spirit:portMap>
        <spirit:portMap>
          <spirit:logicalPort>
            <spirit:name>AWBURST</spirit:name>
          </spirit:logicalPort>
          <spirit:physicalPort>
            <spirit:name>m_axi_awburst</spirit:name>
          </spirit:physicalPort>
        </spirit:portMap>
        <spirit:portMap>
          <spirit:logicalPort>
            <spirit:name>AWCACHE</spirit:name>
          </spirit:logicalPort>
          <spirit:physicalPort>
            <spirit:name>m_axi_awcache</spirit:name>
          </spirit:physicalPort>
        </spirit:portMap>
        <spirit:portMap>
          <spirit:logicalPort>
            <spirit:name>AWID</spirit:name>
          </spirit:logicalPort>
          <spirit:physicalPort>
            <spirit:name>m_axi_awid</spirit:name>
          </spirit:physicalPort>
        </spirit:portMap>
        <spirit:portMap>
          <spirit:logicalPort>
            <spirit:name>AWLEN</spirit:name>
          </spirit:logicalPort>
          <spirit:physicalPort>
            <spirit:name>m_axi_awlen</spirit:name>
          </spirit:physicalPort>
        </spirit:portMap>
        <spirit:portMap>
          <spirit:logicalPort>
            <spirit:name>AWLOCK</spirit:name>
          </spirit:logicalPort>
          <spirit:physicalPort>
            <spirit:name>m_axi_awlock</spirit:name>
          </spirit:physicalPort>
        </spirit:portMap>
        <spirit:portMap>
          <spirit:logicalPort>
            <spirit:name>AWPROT</spirit:name>
          </spirit:logicalPort>
          <spirit:physicalPort>
            <spirit:name>m_axi_awprot</spirit:name>
          </spirit:physicalPort>
        </spirit:portMap>
        <spirit:portMap>
          <spirit:logicalPort>
            <spirit:name>AWREADY</spirit:name>
          </spirit:logicalPort>
          <spirit:physicalPort>
            <spirit:name>m_axi_awready</spirit:name>
          </spirit:physicalPort>
        </spirit:portMap>
        <spirit:portMap>
          <spirit:logicalPort>
            <spirit:name>AWSIZE</spirit:name>
          </spirit:logicalPort>
          <spirit:physicalPort>
            <spirit:name>m_axi_awsize</spirit:name>
          </spirit:physicalPort>
        </spirit:portMap>
        <spirit:portMap>
          <spirit:logicalPort>
            <spirit:name>AWVALID</spirit:name>
          </spirit:logicalPort>
          <spirit:physicalPort>
            <spirit:name>m_axi_awvalid</spirit:name>
          </spirit:physicalPort>
        </spirit:portMap>
        <spirit:portMap>
          <spirit:logicalPort>
            <spirit:name>BID</spirit:name>
          </spirit:logicalPort>
          <spirit:physicalPort>
            <spirit:name>m_axi_bid</spirit:name>
          </spirit:physicalPort>
        </spirit:portMap>
        <spirit:portMap>
          <spirit:logicalPort>
            <spirit:name>BREADY</spirit:name>
          </spirit:logicalPort>
          <spirit:physicalPort>
            <spirit:name>m_axi_bready</spirit:name>
          </spirit:physicalPort>
        </spirit:portMap>
        <spirit:portMap>
          <spirit:logicalPort>
            <spirit:name>BRESP</spirit:name>
          </spirit:logicalPort>
          <spirit:physicalPort>
            <spirit:name>m_axi_bresp</spirit:name>
          </spirit:physicalPort>
        </spirit:portMap>
        <spirit:portMap>
          <spirit:logicalPort>
            <spirit:name>BVALID</spirit:name>
          </spirit:logicalPort>
          <spirit:physicalPort>
            <spirit:name>m_axi_bvalid</spirit:name>
          </spirit:physicalPort>
        </spirit:portMap>
        <spirit:portMap>
          <spirit:logicalPort>
            <spirit:name>RDATA</spirit:name>
          </spirit:logicalPort>
          <spirit:physicalPort>
            <spirit:name>m_axi_rdata</spirit:name>
          </spirit:physicalPort>
        </spirit:portMap>
        <spirit:portMap>
          <spirit:logicalPort>
            <spirit:name>RID</spirit:name>
          </spirit:logicalPort>
          <spirit:physicalPort>
            <spirit:name>m_axi_rid</spirit:name>
          </spirit:physicalPort>
        </spirit:portMap>
        <spirit:portMap>
          <spirit:logicalPort>
            <spirit:name>RLAST</spirit:name>
          </spirit:logicalPort>
          <spirit:physicalPort>
            <spirit:name>m_axi_rlast</spirit:name>
          </spirit:physicalPort>
        </spirit:portMap>
        <spirit:portMap>
          <spirit:logicalPort>
            <spirit:name>RREADY</spirit:name>
          </spirit:logicalPort>
          <spirit:physicalPort>
            <spirit:name>m_axi_rready</spirit:name>
          </spirit:physicalPort>
        </spirit:portMap>
        <spirit:portMap>
          <spirit:logicalPort>
            <spirit:name>RRESP</spirit:name>
          </spirit:logicalPort>
          <spirit:physicalPort>
            <spirit:name>m_axi_rresp</spirit:name>
          </spirit:physicalPort>
        </spirit:portMap>
        <spirit:portMap>
          <spirit:logicalPort>
            <spirit:name>RVALID</spirit:name>
          </spirit:logicalPort>
          <spirit:physicalPort>
            <spirit:name>m_axi_rvalid</spirit:name>
          </spirit:physicalPort>
        </spirit:portMap>
        <spirit:portMap>
          <spirit:logicalPort>
            <spirit:name>WDATA</spirit:name>
          </spirit:logicalPort>
          <spirit:physicalPort>
            <spirit:name>m_axi_wdata</spirit:name>
          </spirit:physicalPort>
        </spirit:portMap>
        <spirit:portMap>
          <spirit:logicalPort>
            <spirit:name>WLAST</spirit:name>
          </spirit:logicalPort>
          <spirit:physicalPort>
            <spirit:name>m_axi_wlast</spirit:name>
          </spirit:physicalPort>
        </spirit:portMap>
        <spirit:portMap>
          <spirit:logicalPort>
            <spirit:name>WREADY</spirit:name>
          </spirit:logicalPort>
          <spirit:physicalPort>
            <spirit:name>m_axi_wready</spirit:name>
          </spirit:physicalPort>
        </spirit:portMap>
        <spirit:portMap>
          <spirit:logicalPort>
            <spirit:name>WSTRB</spirit:name>
          </spirit:logicalPort>
          <spirit:physicalPort>
            <spirit:name>m_axi_wstrb</spirit:name>
          </spirit:physicalPort>
        </spirit:portMap>
        <spirit:portMap>
          <spirit:logicalPort>
            <spirit:name>WVALID</spirit:name>
          </spirit:logicalPort>
          <spirit:physicalPort>
            <spirit:name>m_axi_wvalid</spirit:name>
          </spirit:physicalPort>
        </spirit:portMap>
      </spirit:portMaps>
      <spirit:parameters>
        <spirit:parameter>
          <spirit:name>MAX_BURST_LENGTH</spirit:name>
          <spirit:value spirit:format="long" spirit:id="BUSIFPARAM_VALUE.M_AXI.MAX_BURST_LENGTH">16</spirit:value>
        </spirit:parameter>
        <spirit:parameter>
          <spirit:name>DATA_WIDTH</spirit:name>
          <spirit:value spirit:format="long" spirit:resolve="generated" spirit:id="BUSIFPARAM_VALUE.M_AXI.DATA_WIDTH">32</spirit:value>
          <spirit:vendorExtensions>
            <xilinx:parameterInfo>
              <xilinx:parameterUsage>none</xilinx:parameterUsage>
            </xilinx:parameterInfo>
          </spirit:vendorExtensions>
        </spirit:parameter>
        <spirit:parameter>
          <spirit:name>PROTOCOL</spirit:name>
          <spirit:value spirit:resolve="generated" spirit:id="BUSIFPARAM_VALUE.M_AXI.PROTOCOL">AXI4</spirit:value>
          <spirit:vendorExtensions>
            <xilinx:parameterInfo>
              <xilinx:parameterUsage>none</xilinx:parameterUsage>
            </xilinx:parameterInfo>
          </spirit:vendorExtensions>
        </spirit:parameter>
        <spirit:parameter>
          <spirit:name>FREQ_HZ</spirit:name>
          <spirit:value spirit:format="long" spirit:resolve="generated" spirit:id="BUSIFPARAM_VALUE.M_AXI.FREQ_HZ">100000000</spirit:value>
          <spirit:vendorExtensions>
            <xilinx:parameterInfo>
              <xilinx:parameterUsage>none</xilinx:parameterUsage>
            </xilinx:parameterInfo>
          </spirit:vendorExtensions>
        </spirit:parameter>
        <spirit:parameter>
          <spirit:name>ID_WIDTH</spirit:name>
          <spirit:value spirit:format="long" spirit:resolve="generated" spirit:id="BUSIFPARAM_VALUE.M_AXI.ID_WIDTH">4</spirit:value>
          <spirit:vendorExtensions>
            <xilinx:parameterInfo>
              <xilinx:parameterUsage>none</xilinx:parameterUsage>
            </xilinx:parameterInfo>
          </spirit:vendorExtensions>
        </spirit:parameter>
        <spirit:parameter>
          <spirit:name>ADDR_WIDTH</spirit:name>
          <spirit:value spirit:format="long" spirit:resolve="generated" spirit:id="BUSIFPARAM_VALUE.M_AXI.ADDR_WIDTH">32</spirit:value>
          <spirit:vendorExtensions>
            <xilinx:parameterInfo>
              <xilinx:parameterUsage>none</xilinx:parameterUsage>
            </xilinx:parameterInfo>
          </spirit:vendorExtensions>
        </spirit:parameter>
        <spirit:parameter>
          <spirit:name>AWUSER_WIDTH</spirit:name>
          <spirit:value spirit:format="long" spirit:resolve="generated" spirit:id="BUSIFPARAM_VALUE.M_AXI.AWUSER_WIDTH">0</spirit:value>
          <spirit:vendorExtensions>
            <xilinx:parameterInfo>
              <xilinx:parameterUsage>none</xilinx:parameterUsage>
            </xilinx:parameterInfo>
          </spirit:vendorExtensions>
        </spirit:parameter>
        <spirit:parameter>
          <spirit:name>ARUSER_WIDTH</spirit:name>
          <spirit:value spirit:format="long" spirit:resolve="generated" spirit:id="BUSIFPARAM_VALUE.M_AXI.ARUSER_WIDTH">0</spirit:value>
          <spirit:vendorExtensions>
            <xilinx:parameterInfo>
              <xilinx:parameterUsage>none</xilinx:parameterUsage>
            </xilinx:parameterInfo>
          </spirit:vendorExtensions>
        </spirit:parameter>
        <spirit:parameter>
          <spirit:name>WUSER_WIDTH</spirit:name>
          <spirit:value spirit:format="long" spirit:resolve="generated" spirit:id="BUSIFPARAM_VALUE.M_AXI.WUSER_WIDTH">0</spirit:value>
          <spirit:vendorExtensions>
            <xilinx:parameterInfo>
              <xilinx:parameterUsage>none</xilinx:parameterUsage>
            </xilinx:parameterInfo>
          </spirit:vendorExtensions>
        </spirit:parameter>
        <spirit:parameter>
          <spirit:name>RUSER_WIDTH</spirit:name>
          <spirit:value spirit:format="long" spirit:resolve="generated" spirit:id="BUSIFPARAM_VALUE.M_AXI.RUSER_WIDTH">0</spirit:value>
          <spirit:vendorExtensions>
            <xilinx:parameterInfo>
              <xilinx:parameterUsage>none</xilinx:parameterUsage>
            </xilinx:parameterInfo>
          </spirit:vendorExtensions>
        </spirit:parameter>
        <spirit:parameter>
          <spirit:name>BUSER_WIDTH</spirit:name>
          <spirit:value spirit:format="long" spirit:resolve="generated" spirit:id="BUSIFPARAM_VALUE.M_AXI.BUSER_WIDTH">0</spirit:value>
          <spirit:vendorExtensions>
            <xilinx:parameterInfo>
              <xilinx:parameterUsage>none</xilinx:parameterUsage>
            </xilinx:parameterInfo>
          </spirit:vendorExtensions>
        </spirit:parameter>
        <spirit:parameter>
          <spirit:name>READ_WRITE_MODE</spirit:name>
          <spirit:value spirit:resolve="generated" spirit:id="BUSIFPARAM_VALUE.M_AXI.READ_WRITE_MODE">READ_WRITE</spirit:value>
          <spirit:vendorExtensions>
            <xilinx:parameterInfo>
              <xilinx:parameterUsage>none</xilinx:parameterUsage>
            </xilinx:parameterInfo>
          </spirit:vendorExtensions>
        </spirit:parameter>
        <spirit:parameter>
          <spirit:name>HAS_BURST</spirit:name>
          <spirit:value spirit:format="long" spirit:resolve="generated" spirit:id="BUSIFPARAM_VALUE.M_AXI.HAS_BURST">0</spirit:value>
          <spirit:vendorExtensions>
            <xilinx:parameterInfo>
              <xilinx:parameterUsage>none</xilinx:parameterUsage>
            </xilinx:parameterInfo>
          </spirit:vendorExtensions>
        </spirit:parameter>
        <spirit:parameter>
          <spirit:name>HAS_LOCK</spirit:name>
          <spirit:value spirit:format="long" spirit:resolve="generated" spirit:id="BUSIFPARAM_VALUE.M_AXI.HAS_LOCK">1</spirit:value>
          <spirit:vendorExtensions>
            <xilinx:parameterInfo>
              <xilinx:parameterUsage>none</xilinx:parameterUsage>
            </xilinx:parameterInfo>
          </spirit:vendorExtensions>
        </spirit:parameter>
        <spirit:parameter>
          <spirit:name>HAS_PROT</spirit:name>
          <spirit:value spirit:format="long" spirit:resolve="generated" spirit:id="BUSIFPARAM_VALUE.M_AXI.HAS_PROT">1</spirit:value>
          <spirit:vendorExtensions>
            <xilinx:parameterInfo>
              <xilinx:parameterUsage>none</xilinx:parameterUsage>
            </xilinx:parameterInfo>
          </spirit:vendorExtensions>
        </spirit:parameter>
        <spirit:parameter>
          <spirit:name>HAS_CACHE</spirit:name>
          <spirit:value spirit:format="long" spirit:resolve="generated" spirit:id="BUSIFPARAM_VALUE.M_AXI.HAS_CACHE">1</spirit:value>
          <spirit:vendorExtensions>
            <xilinx:parameterInfo>
              <xilinx:parameterUsage>none</xilinx:parameterUsage>
            </xilinx:parameterInfo>
          </spirit:vendorExtensions>
        </spirit:parameter>
        <spirit:parameter>
          <spirit:name>HAS_QOS</spirit:name>
          <spirit:value spirit:format="long" spirit:resolve="generated" spirit:id="BUSIFPARAM_VALUE.M_AXI.HAS_QOS">0</spirit:value>
          <spirit:vendorExtensions>
            <xilinx:parameterInfo>
              <xilinx:parameterUsage>none</xilinx:parameterUsage>
            </xilinx:parameterInfo>
          </spirit:vendorExtensions>
        </spirit:parameter>
        <spirit:parameter>
          <spirit:name>HAS_REGION</spirit:name>
          <spirit:value spirit:format="long" spirit:resolve="generated" spirit:id="BUSIFPARAM_VALUE.M_AXI.HAS_REGION">0</spirit:value>
          <spirit:vendorExtensions>
            <xilinx:parameterInfo>
              <xilinx:parameterUsage>none</xilinx:parameterUsage>
            </xilinx:parameterInfo>
          </spirit:vendorExtensions>
        </spirit:parameter>
        <spirit:parameter>
          <spirit:name>HAS_WSTRB</spirit:name>
          <spirit:value spirit:format="long" spirit:resolve="generated" spirit:id="BUSIFPARAM_VALUE.M_AXI.HAS_WSTRB">1</spirit:value>
          <spirit:vendorExtensions>
            <xilinx:parameterInfo>
              <xilinx:parameterUsage>none</xilinx:parameterUsage>
            </xilinx:parameterInfo>
          </spirit:vendorExtensions>
        </spirit:parameter>
        <spirit:parameter>
          <spirit:name>HAS_BRESP</spirit:name>
          <spirit:value spirit:format="long" spirit:resolve="generated" spirit:id="BUSIFPARAM_VALUE.M_AXI.HAS_BRESP">1</spirit:value>
          <spirit:vendorExtensions>
            <xilinx:parameterInfo>
              <xilinx:parameterUsage>none</xilinx:parameterUsage>
            </xilinx:parameterInfo>
          </spirit:vendorExtensions>
        </spirit:parameter>
        <spirit:parameter>
          <spirit:name>HAS_RRESP</spirit:name>
          <spirit:value spirit:format="long" spirit:resolve="generated" spirit:id="BUSIFPARAM_VALUE.M_AXI.HAS_RRESP">1</spirit:value>
          <spirit:vendorExtensions>
            <xilinx:parameterInfo>
              <xilinx:parameterUsage>none</xilinx:parameterUsage>
            </xilinx:parameterInfo>
          </spirit:vendorExtensions>
        </spirit:parameter>
        <spirit:parameter>
          <spirit:name>SUPPORTS_NARROW_BURST</spirit:name>
          <spirit:value spirit:format="long" spirit:resolve="generated" spirit:id="BUSIFPARAM_VALUE.M_AXI.SUPPORTS_NARROW_BURST">0</spirit:value>
          <spirit:vendorExtensions>
            <xilinx:parameterInfo>
              <xilinx:parameterUsage>none</xilinx:parameterUsage>
            </xilinx:parameterInfo>
          </spirit:vendorExtensions>
        </spirit:parameter>
        <spirit:parameter>
          <spirit:name>NUM_READ_OUTSTANDING</spirit:name>
          <spirit:value spirit:format="long" spirit:resolve="generated" spirit:id="BUSIFPARAM_VALUE.M_AXI.NUM_READ_OUTSTANDING">2</spirit:value>
          <spirit:vendorExtensions>
            <xilinx:parameterInfo>
              <xilinx:parameterUsage>none</xilinx:parameterUsage>
            </xilinx:parameterInfo>
          </spirit:vendorExtensions>
        </spirit:parameter>
        <spirit:parameter>
          <spirit:name>NUM_WRITE_OUTSTANDING</spirit:name>
          <spirit:value spirit:format="long" spirit:resolve="generated" spirit:id="BUSIFPARAM_VALUE.M_AXI.NUM_WRITE_OUTSTANDING">2</spirit:value>
          <spirit:vendorExtensions>
            <xilinx:parameterInfo>
              <xilinx:parameterUsage>none</xilinx:parameterUsage>
            </xilinx:parameterInfo>
          </spirit:vendorExtensions>
        </spirit:parameter>
        <spirit:parameter>
          <spirit:name>PHASE</spirit:name>
          <spirit:value spirit:format="float" spirit:resolve="generated" spirit:id="BUSIFPARAM_VALUE.M_AXI.PHASE">0.000</spirit:value>
          <spirit:vendorExtensions>
            <xilinx:parameterInfo>
              <xilinx:parameterUsage>none</xilinx:parameterUsage>
            </xilinx:parameterInfo>
          </spirit:vendorExtensions>
        </spirit:parameter>
        <spirit:parameter>
          <spirit:name>CLK_DOMAIN</spirit:name>
          <spirit:value spirit:resolve="generated" spirit:id="BUSIFPARAM_VALUE.M_AXI.CLK_DOMAIN">MIPSfpga_system_MIPS_MicroAptiv_UP_0_0_HCLK</spirit:value>
          <spirit:vendorExtensions>
            <xilinx:parameterInfo>
              <xilinx:parameterUsage>none</xilinx:parameterUsage>
            </xilinx:parameterInfo>
          </spirit:vendorExtensions>
        </spirit:parameter>
        <spirit:parameter>
          <spirit:name>NUM_READ_THREADS</spirit:name>
          <spirit:value spirit:format="long" spirit:resolve="generated" spirit:id="BUSIFPARAM_VALUE.M_AXI.NUM_READ_THREADS">1</spirit:value>
          <spirit:vendorExtensions>
            <xilinx:parameterInfo>
              <xilinx:parameterUsage>none</xilinx:parameterUsage>
            </xilinx:parameterInfo>
          </spirit:vendorExtensions>
        </spirit:parameter>
        <spirit:parameter>
          <spirit:name>NUM_WRITE_THREADS</spirit:name>
          <spirit:value spirit:format="long" spirit:resolve="generated" spirit:id="BUSIFPARAM_VALUE.M_AXI.NUM_WRITE_THREADS">1</spirit:value>
          <spirit:vendorExtensions>
            <xilinx:parameterInfo>
              <xilinx:parameterUsage>none</xilinx:parameterUsage>
            </xilinx:parameterInfo>
          </spirit:vendorExtensions>
        </spirit:parameter>
        <spirit:parameter>
          <spirit:name>RUSER_BITS_PER_BYTE</spirit:name>
          <spirit:value spirit:format="long" spirit:resolve="generated" spirit:id="BUSIFPARAM_VALUE.M_AXI.RUSER_BITS_PER_BYTE">0</spirit:value>
          <spirit:vendorExtensions>
            <xilinx:parameterInfo>
              <xilinx:parameterUsage>none</xilinx:parameterUsage>
            </xilinx:parameterInfo>
          </spirit:vendorExtensions>
        </spirit:parameter>
        <spirit:parameter>
          <spirit:name>WUSER_BITS_PER_BYTE</spirit:name>
          <spirit:value spirit:format="long" spirit:resolve="generated" spirit:id="BUSIFPARAM_VALUE.M_AXI.WUSER_BITS_PER_BYTE">0</spirit:value>
          <spirit:vendorExtensions>
            <xilinx:parameterInfo>
              <xilinx:parameterUsage>none</xilinx:parameterUsage>
            </xilinx:parameterInfo>
          </spirit:vendorExtensions>
        </spirit:parameter>
      </spirit:parameters>
    </spirit:busInterface>
    <spirit:busInterface>
      <spirit:name>AHB_CLK</spirit:name>
      <spirit:displayName>ahb_clk</spirit:displayName>
      <spirit:busType spirit:vendor="xilinx.com" spirit:library="signal" spirit:name="clock" spirit:version="1.0"/>
      <spirit:abstractionType spirit:vendor="xilinx.com" spirit:library="signal" spirit:name="clock_rtl" spirit:version="1.0"/>
      <spirit:slave/>
      <spirit:portMaps>
        <spirit:portMap>
          <spirit:logicalPort>
            <spirit:name>CLK</spirit:name>
          </spirit:logicalPort>
          <spirit:physicalPort>
            <spirit:name>s_ahb_hclk</spirit:name>
          </spirit:physicalPort>
        </spirit:portMap>
      </spirit:portMaps>
      <spirit:parameters>
        <spirit:parameter>
          <spirit:name>ASSOCIATED_BUSIF</spirit:name>
          <spirit:value spirit:id="BUSIFPARAM_VALUE.AHB_CLK.ASSOCIATED_BUSIF">AHB_INTERFACE:M_AXI</spirit:value>
        </spirit:parameter>
        <spirit:parameter>
          <spirit:name>ASSOCIATED_RESET</spirit:name>
          <spirit:value spirit:id="BUSIFPARAM_VALUE.AHB_CLK.ASSOCIATED_RESET">s_ahb_hresetn</spirit:value>
        </spirit:parameter>
        <spirit:parameter>
          <spirit:name>FREQ_HZ</spirit:name>
          <spirit:value spirit:format="long" spirit:resolve="generated" spirit:id="BUSIFPARAM_VALUE.AHB_CLK.FREQ_HZ">100000000</spirit:value>
          <spirit:vendorExtensions>
            <xilinx:parameterInfo>
              <xilinx:parameterUsage>none</xilinx:parameterUsage>
            </xilinx:parameterInfo>
          </spirit:vendorExtensions>
        </spirit:parameter>
        <spirit:parameter>
          <spirit:name>PHASE</spirit:name>
          <spirit:value spirit:format="float" spirit:resolve="generated" spirit:id="BUSIFPARAM_VALUE.AHB_CLK.PHASE">0.000</spirit:value>
          <spirit:vendorExtensions>
            <xilinx:parameterInfo>
              <xilinx:parameterUsage>none</xilinx:parameterUsage>
            </xilinx:parameterInfo>
          </spirit:vendorExtensions>
        </spirit:parameter>
        <spirit:parameter>
          <spirit:name>CLK_DOMAIN</spirit:name>
          <spirit:value spirit:resolve="generated" spirit:id="BUSIFPARAM_VALUE.AHB_CLK.CLK_DOMAIN">MIPSfpga_system_MIPS_MicroAptiv_UP_0_0_HCLK</spirit:value>
          <spirit:vendorExtensions>
            <xilinx:parameterInfo>
              <xilinx:parameterUsage>none</xilinx:parameterUsage>
            </xilinx:parameterInfo>
          </spirit:vendorExtensions>
        </spirit:parameter>
      </spirit:parameters>
    </spirit:busInterface>
    <spirit:busInterface>
      <spirit:name>AHB_RESETN</spirit:name>
      <spirit:displayName>ahb_resetn</spirit:displayName>
      <spirit:busType spirit:vendor="xilinx.com" spirit:library="signal" spirit:name="reset" spirit:version="1.0"/>
      <spirit:abstractionType spirit:vendor="xilinx.com" spirit:library="signal" spirit:name="reset_rtl" spirit:version="1.0"/>
      <spirit:slave/>
      <spirit:portMaps>
        <spirit:portMap>
          <spirit:logicalPort>
            <spirit:name>RST</spirit:name>
          </spirit:logicalPort>
          <spirit:physicalPort>
            <spirit:name>s_ahb_hresetn</spirit:name>
          </spirit:physicalPort>
        </spirit:portMap>
      </spirit:portMaps>
      <spirit:parameters>
        <spirit:parameter>
          <spirit:name>POLARITY</spirit:name>
          <spirit:value spirit:id="BUSIFPARAM_VALUE.AHB_RESETN.POLARITY">ACTIVE_LOW</spirit:value>
        </spirit:parameter>
      </spirit:parameters>
    </spirit:busInterface>
    <spirit:busInterface>
      <spirit:name>AHB_INTERFACE</spirit:name>
      <spirit:displayName>ahb_interface</spirit:displayName>
      <spirit:busType spirit:vendor="xilinx.com" spirit:library="interface" spirit:name="ahblite" spirit:version="2.0"/>
      <spirit:abstractionType spirit:vendor="xilinx.com" spirit:library="interface" spirit:name="ahblite_rtl" spirit:version="2.0"/>
      <spirit:slave>
        <spirit:bridge spirit:masterRef="M_AXI" spirit:opaque="false"/>
      </spirit:slave>
      <spirit:portMaps>
        <spirit:portMap>
          <spirit:logicalPort>
            <spirit:name>HADDR</spirit:name>
          </spirit:logicalPort>
          <spirit:physicalPort>
            <spirit:name>s_ahb_haddr</spirit:name>
          </spirit:physicalPort>
        </spirit:portMap>
        <spirit:portMap>
          <spirit:logicalPort>
            <spirit:name>HBURST</spirit:name>
          </spirit:logicalPort>
          <spirit:physicalPort>
            <spirit:name>s_ahb_hburst</spirit:name>
          </spirit:physicalPort>
        </spirit:portMap>
        <spirit:portMap>
          <spirit:logicalPort>
            <spirit:name>HPROT</spirit:name>
          </spirit:logicalPort>
          <spirit:physicalPort>
            <spirit:name>s_ahb_hprot</spirit:name>
          </spirit:physicalPort>
        </spirit:portMap>
        <spirit:portMap>
          <spirit:logicalPort>
            <spirit:name>HRDATA</spirit:name>
          </spirit:logicalPort>
          <spirit:physicalPort>
            <spirit:name>s_ahb_hrdata</spirit:name>
          </spirit:physicalPort>
        </spirit:portMap>
        <spirit:portMap>
          <spirit:logicalPort>
            <spirit:name>HREADY_IN</spirit:name>
          </spirit:logicalPort>
          <spirit:physicalPort>
            <spirit:name>s_ahb_hready_in</spirit:name>
          </spirit:physicalPort>
        </spirit:portMap>
        <spirit:portMap>
          <spirit:logicalPort>
            <spirit:name>HREADY_OUT</spirit:name>
          </spirit:logicalPort>
          <spirit:physicalPort>
            <spirit:name>s_ahb_hready_out</spirit:name>
          </spirit:physicalPort>
        </spirit:portMap>
        <spirit:portMap>
          <spirit:logicalPort>
            <spirit:name>HRESP</spirit:name>
          </spirit:logicalPort>
          <spirit:physicalPort>
            <spirit:name>s_ahb_hresp</spirit:name>
          </spirit:physicalPort>
        </spirit:portMap>
        <spirit:portMap>
          <spirit:logicalPort>
            <spirit:name>HSIZE</spirit:name>
          </spirit:logicalPort>
          <spirit:physicalPort>
            <spirit:name>s_ahb_hsize</spirit:name>
          </spirit:physicalPort>
        </spirit:portMap>
        <spirit:portMap>
          <spirit:logicalPort>
            <spirit:name>HTRANS</spirit:name>
          </spirit:logicalPort>
          <spirit:physicalPort>
            <spirit:name>s_ahb_htrans</spirit:name>
          </spirit:physicalPort>
        </spirit:portMap>
        <spirit:portMap>
          <spirit:logicalPort>
            <spirit:name>HWDATA</spirit:name>
          </spirit:logicalPort>
          <spirit:physicalPort>
            <spirit:name>s_ahb_hwdata</spirit:name>
          </spirit:physicalPort>
        </spirit:portMap>
        <spirit:portMap>
          <spirit:logicalPort>
            <spirit:name>HWRITE</spirit:name>
          </spirit:logicalPort>
          <spirit:physicalPort>
            <spirit:name>s_ahb_hwrite</spirit:name>
          </spirit:physicalPort>
        </spirit:portMap>
        <spirit:portMap>
          <spirit:logicalPort>
            <spirit:name>SEL</spirit:name>
          </spirit:logicalPort>
          <spirit:physicalPort>
            <spirit:name>s_ahb_hsel</spirit:name>
          </spirit:physicalPort>
        </spirit:portMap>
      </spirit:portMaps>
      <spirit:parameters>
        <spirit:parameter>
          <spirit:name>BD_ATTRIBUTE.TYPE</spirit:name>
          <spirit:value spirit:id="BUSIFPARAM_VALUE.AHB_INTERFACE.BD_ATTRIBUTE.TYPE">INTERIOR</spirit:value>
        </spirit:parameter>
      </spirit:parameters>
    </spirit:busInterface>
  </spirit:busInterfaces>
  <spirit:addressSpaces>
    <spirit:addressSpace>
      <spirit:name>AHB_INTERFACE</spirit:name>
      <spirit:range spirit:format="long" spirit:resolve="dependent" spirit:dependency="spirit:decode(id(pow(2,spirit:decode(id(&apos;MODELPARAM_VALUE.C_M_AXI_ADDR_WIDTH&apos;)))))">4294967296</spirit:range>
      <spirit:width spirit:format="long" spirit:resolve="dependent" spirit:dependency="spirit:decode(id(&apos;MODELPARAM_VALUE.C_M_AXI_ADDR_WIDTH&apos;))">32</spirit:width>
      <spirit:parameters>
        <spirit:parameter>
          <spirit:name>DEPENDENT_ON</spirit:name>
          <spirit:value spirit:id="ADDRSPACEPARAM_VALUE.AHB_INTERFACE.DEPENDENT_ON">AHB_INTERFACE</spirit:value>
        </spirit:parameter>
        <spirit:parameter>
          <spirit:name>PREFERRED_USAGE</spirit:name>
          <spirit:value spirit:id="ADDRSPACEPARAM_VALUE.AHB_INTERFACE.PREFERRED_USAGE">MEMORY</spirit:value>
        </spirit:parameter>
      </spirit:parameters>
    </spirit:addressSpace>
    <spirit:addressSpace>
      <spirit:name>M_AXI</spirit:name>
      <spirit:range spirit:format="long" spirit:resolve="dependent" spirit:dependency="spirit:decode(id(pow(2,spirit:decode(id(&apos;MODELPARAM_VALUE.C_M_AXI_ADDR_WIDTH&apos;)))))">4294967296</spirit:range>
      <spirit:width spirit:format="long" spirit:resolve="dependent" spirit:dependency="spirit:decode(id(&apos;MODELPARAM_VALUE.C_M_AXI_ADDR_WIDTH&apos;))">32</spirit:width>
      <spirit:parameters>
        <spirit:parameter>
          <spirit:name>DEPENDENT_ON</spirit:name>
          <spirit:value spirit:id="ADDRSPACEPARAM_VALUE.M_AXI.DEPENDENT_ON">M_AXI</spirit:value>
        </spirit:parameter>
        <spirit:parameter>
          <spirit:name>PREFERRED_USAGE</spirit:name>
          <spirit:value spirit:id="ADDRSPACEPARAM_VALUE.M_AXI.PREFERRED_USAGE">MEMORY</spirit:value>
        </spirit:parameter>
      </spirit:parameters>
    </spirit:addressSpace>
  </spirit:addressSpaces>
  <spirit:model>
    <spirit:views>
      <spirit:view>
        <spirit:name>xilinx_vhdlsynthesis</spirit:name>
        <spirit:displayName>VHDL Synthesis</spirit:displayName>
        <spirit:envIdentifier>vhdlSource:vivado.xilinx.com:synthesis</spirit:envIdentifier>
        <spirit:language>vhdl</spirit:language>
        <spirit:modelName>ahblite_axi_bridge</spirit:modelName>
        <spirit:fileSetRef>
          <spirit:localName>xilinx_vhdlsynthesis_view_fileset</spirit:localName>
        </spirit:fileSetRef>
        <spirit:parameters>
          <spirit:parameter>
            <spirit:name>GENtimestamp</spirit:name>
            <spirit:value>Wed May 13 00:35:51 UTC 2020</spirit:value>
          </spirit:parameter>
          <spirit:parameter>
            <spirit:name>outputProductCRC</spirit:name>
            <spirit:value>8:6e43a63b</spirit:value>
          </spirit:parameter>
        </spirit:parameters>
      </spirit:view>
      <spirit:view>
        <spirit:name>xilinx_vhdlsynthesiswrapper</spirit:name>
        <spirit:displayName>VHDL Synthesis Wrapper</spirit:displayName>
        <spirit:envIdentifier>vhdlSource:vivado.xilinx.com:synthesis.wrapper</spirit:envIdentifier>
        <spirit:language>vhdl</spirit:language>
        <spirit:modelName>MIPSfpga_system_ahblite_axi_bridge_0_0</spirit:modelName>
        <spirit:fileSetRef>
          <spirit:localName>xilinx_vhdlsynthesiswrapper_view_fileset</spirit:localName>
        </spirit:fileSetRef>
        <spirit:parameters>
          <spirit:parameter>
            <spirit:name>GENtimestamp</spirit:name>
            <spirit:value>Wed May 13 00:35:51 UTC 2020</spirit:value>
          </spirit:parameter>
          <spirit:parameter>
            <spirit:name>outputProductCRC</spirit:name>
            <spirit:value>8:6e43a63b</spirit:value>
          </spirit:parameter>
        </spirit:parameters>
      </spirit:view>
      <spirit:view>
        <spirit:name>xilinx_vhdlbehavioralsimulation</spirit:name>
        <spirit:displayName>VHDL Simulation</spirit:displayName>
        <spirit:envIdentifier>vhdlSource:vivado.xilinx.com:simulation</spirit:envIdentifier>
        <spirit:language>vhdl</spirit:language>
        <spirit:modelName>ahblite_axi_bridge</spirit:modelName>
        <spirit:fileSetRef>
          <spirit:localName>xilinx_vhdlbehavioralsimulation_view_fileset</spirit:localName>
        </spirit:fileSetRef>
        <spirit:parameters>
          <spirit:parameter>
            <spirit:name>GENtimestamp</spirit:name>
            <spirit:value>Wed May 13 00:35:51 UTC 2020</spirit:value>
          </spirit:parameter>
          <spirit:parameter>
            <spirit:name>outputProductCRC</spirit:name>
            <spirit:value>8:dd09049f</spirit:value>
          </spirit:parameter>
        </spirit:parameters>
      </spirit:view>
      <spirit:view>
        <spirit:name>xilinx_vhdlsimulationwrapper</spirit:name>
        <spirit:displayName>VHDL Simulation Wrapper</spirit:displayName>
        <spirit:envIdentifier>vhdlSource:vivado.xilinx.com:simulation.wrapper</spirit:envIdentifier>
        <spirit:language>vhdl</spirit:language>
        <spirit:modelName>MIPSfpga_system_ahblite_axi_bridge_0_0</spirit:modelName>
        <spirit:fileSetRef>
          <spirit:localName>xilinx_vhdlsimulationwrapper_view_fileset</spirit:localName>
        </spirit:fileSetRef>
        <spirit:parameters>
          <spirit:parameter>
            <spirit:name>GENtimestamp</spirit:name>
            <spirit:value>Wed May 13 00:35:51 UTC 2020</spirit:value>
          </spirit:parameter>
          <spirit:parameter>
            <spirit:name>outputProductCRC</spirit:name>
            <spirit:value>8:dd09049f</spirit:value>
          </spirit:parameter>
        </spirit:parameters>
      </spirit:view>
    </spirit:views>
    <spirit:ports>
      <spirit:port>
        <spirit:name>s_ahb_hclk</spirit:name>
        <spirit:wire>
          <spirit:direction>in</spirit:direction>
          <spirit:wireTypeDefs>
            <spirit:wireTypeDef>
              <spirit:typeName>std_logic</spirit:typeName>
              <spirit:viewNameRef>xilinx_vhdlsynthesis</spirit:viewNameRef>
              <spirit:viewNameRef>xilinx_vhdlbehavioralsimulation</spirit:viewNameRef>
            </spirit:wireTypeDef>
          </spirit:wireTypeDefs>
          <spirit:driver>
            <spirit:defaultValue spirit:format="long" spirit:bitStringLength="1">0</spirit:defaultValue>
          </spirit:driver>
        </spirit:wire>
      </spirit:port>
      <spirit:port>
        <spirit:name>s_ahb_hresetn</spirit:name>
        <spirit:wire>
          <spirit:direction>in</spirit:direction>
          <spirit:wireTypeDefs>
            <spirit:wireTypeDef>
              <spirit:typeName>std_logic</spirit:typeName>
              <spirit:viewNameRef>xilinx_vhdlsynthesis</spirit:viewNameRef>
              <spirit:viewNameRef>xilinx_vhdlbehavioralsimulation</spirit:viewNameRef>
            </spirit:wireTypeDef>
          </spirit:wireTypeDefs>
          <spirit:driver>
            <spirit:defaultValue spirit:format="long" spirit:bitStringLength="1">1</spirit:defaultValue>
          </spirit:driver>
        </spirit:wire>
      </spirit:port>
      <spirit:port>
        <spirit:name>s_ahb_hsel</spirit:name>
        <spirit:wire>
          <spirit:direction>in</spirit:direction>
          <spirit:wireTypeDefs>
            <spirit:wireTypeDef>
              <spirit:typeName>std_logic</spirit:typeName>
              <spirit:viewNameRef>xilinx_vhdlsynthesis</spirit:viewNameRef>
              <spirit:viewNameRef>xilinx_vhdlbehavioralsimulation</spirit:viewNameRef>
            </spirit:wireTypeDef>
          </spirit:wireTypeDefs>
          <spirit:driver>
            <spirit:defaultValue spirit:format="long" spirit:bitStringLength="1">0</spirit:defaultValue>
          </spirit:driver>
        </spirit:wire>
      </spirit:port>
      <spirit:port>
        <spirit:name>s_ahb_haddr</spirit:name>
        <spirit:wire>
          <spirit:direction>in</spirit:direction>
          <spirit:vector>
            <spirit:left spirit:format="long" spirit:resolve="dependent" spirit:dependency="(spirit:decode(id(&apos;MODELPARAM_VALUE.C_S_AHB_ADDR_WIDTH&apos;)) - 1)">31</spirit:left>
            <spirit:right spirit:format="long">0</spirit:right>
          </spirit:vector>
          <spirit:wireTypeDefs>
            <spirit:wireTypeDef>
              <spirit:typeName>std_logic_vector</spirit:typeName>
              <spirit:viewNameRef>xilinx_vhdlsynthesis</spirit:viewNameRef>
              <spirit:viewNameRef>xilinx_vhdlbehavioralsimulation</spirit:viewNameRef>
            </spirit:wireTypeDef>
          </spirit:wireTypeDefs>
          <spirit:driver>
            <spirit:defaultValue spirit:format="long" spirit:bitStringLength="32">0</spirit:defaultValue>
          </spirit:driver>
        </spirit:wire>
      </spirit:port>
      <spirit:port>
        <spirit:name>s_ahb_hprot</spirit:name>
        <spirit:wire>
          <spirit:direction>in</spirit:direction>
          <spirit:vector>
            <spirit:left spirit:format="long">3</spirit:left>
            <spirit:right spirit:format="long">0</spirit:right>
          </spirit:vector>
          <spirit:wireTypeDefs>
            <spirit:wireTypeDef>
              <spirit:typeName>std_logic_vector</spirit:typeName>
              <spirit:viewNameRef>xilinx_vhdlsynthesis</spirit:viewNameRef>
              <spirit:viewNameRef>xilinx_vhdlbehavioralsimulation</spirit:viewNameRef>
            </spirit:wireTypeDef>
          </spirit:wireTypeDefs>
          <spirit:driver>
            <spirit:defaultValue spirit:format="long" spirit:bitStringLength="4">0</spirit:defaultValue>
          </spirit:driver>
        </spirit:wire>
      </spirit:port>
      <spirit:port>
        <spirit:name>s_ahb_htrans</spirit:name>
        <spirit:wire>
          <spirit:direction>in</spirit:direction>
          <spirit:vector>
            <spirit:left spirit:format="long">1</spirit:left>
            <spirit:right spirit:format="long">0</spirit:right>
          </spirit:vector>
          <spirit:wireTypeDefs>
            <spirit:wireTypeDef>
              <spirit:typeName>std_logic_vector</spirit:typeName>
              <spirit:viewNameRef>xilinx_vhdlsynthesis</spirit:viewNameRef>
              <spirit:viewNameRef>xilinx_vhdlbehavioralsimulation</spirit:viewNameRef>
            </spirit:wireTypeDef>
          </spirit:wireTypeDefs>
          <spirit:driver>
            <spirit:defaultValue spirit:format="long" spirit:bitStringLength="2">0</spirit:defaultValue>
          </spirit:driver>
        </spirit:wire>
      </spirit:port>
      <spirit:port>
        <spirit:name>s_ahb_hsize</spirit:name>
        <spirit:wire>
          <spirit:direction>in</spirit:direction>
          <spirit:vector>
            <spirit:left spirit:format="long">2</spirit:left>
            <spirit:right spirit:format="long">0</spirit:right>
          </spirit:vector>
          <spirit:wireTypeDefs>
            <spirit:wireTypeDef>
              <spirit:typeName>std_logic_vector</spirit:typeName>
              <spirit:viewNameRef>xilinx_vhdlsynthesis</spirit:viewNameRef>
              <spirit:viewNameRef>xilinx_vhdlbehavioralsimulation</spirit:viewNameRef>
            </spirit:wireTypeDef>
          </spirit:wireTypeDefs>
          <spirit:driver>
            <spirit:defaultValue spirit:format="long" spirit:bitStringLength="3">0</spirit:defaultValue>
          </spirit:driver>
        </spirit:wire>
      </spirit:port>
      <spirit:port>
        <spirit:name>s_ahb_hwrite</spirit:name>
        <spirit:wire>
          <spirit:direction>in</spirit:direction>
          <spirit:wireTypeDefs>
            <spirit:wireTypeDef>
              <spirit:typeName>std_logic</spirit:typeName>
              <spirit:viewNameRef>xilinx_vhdlsynthesis</spirit:viewNameRef>
              <spirit:viewNameRef>xilinx_vhdlbehavioralsimulation</spirit:viewNameRef>
            </spirit:wireTypeDef>
          </spirit:wireTypeDefs>
          <spirit:driver>
            <spirit:defaultValue spirit:format="long" spirit:bitStringLength="1">0</spirit:defaultValue>
          </spirit:driver>
        </spirit:wire>
      </spirit:port>
      <spirit:port>
        <spirit:name>s_ahb_hburst</spirit:name>
        <spirit:wire>
          <spirit:direction>in</spirit:direction>
          <spirit:vector>
            <spirit:left spirit:format="long">2</spirit:left>
            <spirit:right spirit:format="long">0</spirit:right>
          </spirit:vector>
          <spirit:wireTypeDefs>
            <spirit:wireTypeDef>
              <spirit:typeName>std_logic_vector</spirit:typeName>
              <spirit:viewNameRef>xilinx_vhdlsynthesis</spirit:viewNameRef>
              <spirit:viewNameRef>xilinx_vhdlbehavioralsimulation</spirit:viewNameRef>
            </spirit:wireTypeDef>
          </spirit:wireTypeDefs>
          <spirit:driver>
            <spirit:defaultValue spirit:format="long" spirit:bitStringLength="3">0</spirit:defaultValue>
          </spirit:driver>
        </spirit:wire>
      </spirit:port>
      <spirit:port>
        <spirit:name>s_ahb_hwdata</spirit:name>
        <spirit:wire>
          <spirit:direction>in</spirit:direction>
          <spirit:vector>
            <spirit:left spirit:format="long" spirit:resolve="dependent" spirit:dependency="(spirit:decode(id(&apos;MODELPARAM_VALUE.C_S_AHB_DATA_WIDTH&apos;)) - 1)">31</spirit:left>
            <spirit:right spirit:format="long">0</spirit:right>
          </spirit:vector>
          <spirit:wireTypeDefs>
            <spirit:wireTypeDef>
              <spirit:typeName>std_logic_vector</spirit:typeName>
              <spirit:viewNameRef>xilinx_vhdlsynthesis</spirit:viewNameRef>
              <spirit:viewNameRef>xilinx_vhdlbehavioralsimulation</spirit:viewNameRef>
            </spirit:wireTypeDef>
          </spirit:wireTypeDefs>
          <spirit:driver>
            <spirit:defaultValue spirit:format="long">0</spirit:defaultValue>
          </spirit:driver>
        </spirit:wire>
      </spirit:port>
      <spirit:port>
        <spirit:name>s_ahb_hready_out</spirit:name>
        <spirit:wire>
          <spirit:direction>out</spirit:direction>
          <spirit:wireTypeDefs>
            <spirit:wireTypeDef>
              <spirit:typeName>std_logic</spirit:typeName>
              <spirit:viewNameRef>xilinx_vhdlsynthesis</spirit:viewNameRef>
              <spirit:viewNameRef>xilinx_vhdlbehavioralsimulation</spirit:viewNameRef>
            </spirit:wireTypeDef>
          </spirit:wireTypeDefs>
        </spirit:wire>
      </spirit:port>
      <spirit:port>
        <spirit:name>s_ahb_hready_in</spirit:name>
        <spirit:wire>
          <spirit:direction>in</spirit:direction>
          <spirit:wireTypeDefs>
            <spirit:wireTypeDef>
              <spirit:typeName>std_logic</spirit:typeName>
              <spirit:viewNameRef>xilinx_vhdlsynthesis</spirit:viewNameRef>
              <spirit:viewNameRef>xilinx_vhdlbehavioralsimulation</spirit:viewNameRef>
            </spirit:wireTypeDef>
          </spirit:wireTypeDefs>
          <spirit:driver>
            <spirit:defaultValue spirit:format="long" spirit:bitStringLength="1">0</spirit:defaultValue>
          </spirit:driver>
        </spirit:wire>
      </spirit:port>
      <spirit:port>
        <spirit:name>s_ahb_hrdata</spirit:name>
        <spirit:wire>
          <spirit:direction>out</spirit:direction>
          <spirit:vector>
            <spirit:left spirit:format="long" spirit:resolve="dependent" spirit:dependency="(spirit:decode(id(&apos;MODELPARAM_VALUE.C_S_AHB_DATA_WIDTH&apos;)) - 1)">31</spirit:left>
            <spirit:right spirit:format="long">0</spirit:right>
          </spirit:vector>
          <spirit:wireTypeDefs>
            <spirit:wireTypeDef>
              <spirit:typeName>std_logic_vector</spirit:typeName>
              <spirit:viewNameRef>xilinx_vhdlsynthesis</spirit:viewNameRef>
              <spirit:viewNameRef>xilinx_vhdlbehavioralsimulation</spirit:viewNameRef>
            </spirit:wireTypeDef>
          </spirit:wireTypeDefs>
        </spirit:wire>
      </spirit:port>
      <spirit:port>
        <spirit:name>s_ahb_hresp</spirit:name>
        <spirit:wire>
          <spirit:direction>out</spirit:direction>
          <spirit:wireTypeDefs>
            <spirit:wireTypeDef>
              <spirit:typeName>std_logic</spirit:typeName>
              <spirit:viewNameRef>xilinx_vhdlsynthesis</spirit:viewNameRef>
              <spirit:viewNameRef>xilinx_vhdlbehavioralsimulation</spirit:viewNameRef>
            </spirit:wireTypeDef>
          </spirit:wireTypeDefs>
        </spirit:wire>
      </spirit:port>
      <spirit:port>
        <spirit:name>m_axi_awid</spirit:name>
        <spirit:wire>
          <spirit:direction>out</spirit:direction>
          <spirit:vector>
            <spirit:left spirit:format="long" spirit:resolve="dependent" spirit:dependency="(spirit:decode(id(&apos;MODELPARAM_VALUE.C_M_AXI_THREAD_ID_WIDTH&apos;)) - 1)">3</spirit:left>
            <spirit:right spirit:format="long">0</spirit:right>
          </spirit:vector>
          <spirit:wireTypeDefs>
            <spirit:wireTypeDef>
              <spirit:typeName>std_logic_vector</spirit:typeName>
              <spirit:viewNameRef>xilinx_vhdlsynthesis</spirit:viewNameRef>
              <spirit:viewNameRef>xilinx_vhdlbehavioralsimulation</spirit:viewNameRef>
            </spirit:wireTypeDef>
          </spirit:wireTypeDefs>
        </spirit:wire>
        <spirit:vendorExtensions>
          <xilinx:portInfo>
            <xilinx:enablement>
              <xilinx:isEnabled xilinx:resolve="dependent" xilinx:id="PORT_ENABLEMENT.m_axi_awid" xilinx:dependency="(spirit:decode(id(&apos;PARAM_VALUE.C_M_AXI_THREAD_ID_WIDTH&apos;)) > 0)">true</xilinx:isEnabled>
            </xilinx:enablement>
          </xilinx:portInfo>
        </spirit:vendorExtensions>
      </spirit:port>
      <spirit:port>
        <spirit:name>m_axi_awlen</spirit:name>
        <spirit:wire>
          <spirit:direction>out</spirit:direction>
          <spirit:vector>
            <spirit:left spirit:format="long">7</spirit:left>
            <spirit:right spirit:format="long">0</spirit:right>
          </spirit:vector>
          <spirit:wireTypeDefs>
            <spirit:wireTypeDef>
              <spirit:typeName>std_logic_vector</spirit:typeName>
              <spirit:viewNameRef>xilinx_vhdlsynthesis</spirit:viewNameRef>
              <spirit:viewNameRef>xilinx_vhdlbehavioralsimulation</spirit:viewNameRef>
            </spirit:wireTypeDef>
          </spirit:wireTypeDefs>
        </spirit:wire>
      </spirit:port>
      <spirit:port>
        <spirit:name>m_axi_awsize</spirit:name>
        <spirit:wire>
          <spirit:direction>out</spirit:direction>
          <spirit:vector>
            <spirit:left spirit:format="long">2</spirit:left>
            <spirit:right spirit:format="long">0</spirit:right>
          </spirit:vector>
          <spirit:wireTypeDefs>
            <spirit:wireTypeDef>
              <spirit:typeName>std_logic_vector</spirit:typeName>
              <spirit:viewNameRef>xilinx_vhdlsynthesis</spirit:viewNameRef>
              <spirit:viewNameRef>xilinx_vhdlbehavioralsimulation</spirit:viewNameRef>
            </spirit:wireTypeDef>
          </spirit:wireTypeDefs>
        </spirit:wire>
      </spirit:port>
      <spirit:port>
        <spirit:name>m_axi_awburst</spirit:name>
        <spirit:wire>
          <spirit:direction>out</spirit:direction>
          <spirit:vector>
            <spirit:left spirit:format="long">1</spirit:left>
            <spirit:right spirit:format="long">0</spirit:right>
          </spirit:vector>
          <spirit:wireTypeDefs>
            <spirit:wireTypeDef>
              <spirit:typeName>std_logic_vector</spirit:typeName>
              <spirit:viewNameRef>xilinx_vhdlsynthesis</spirit:viewNameRef>
              <spirit:viewNameRef>xilinx_vhdlbehavioralsimulation</spirit:viewNameRef>
            </spirit:wireTypeDef>
          </spirit:wireTypeDefs>
        </spirit:wire>
      </spirit:port>
      <spirit:port>
        <spirit:name>m_axi_awcache</spirit:name>
        <spirit:wire>
          <spirit:direction>out</spirit:direction>
          <spirit:vector>
            <spirit:left spirit:format="long">3</spirit:left>
            <spirit:right spirit:format="long">0</spirit:right>
          </spirit:vector>
          <spirit:wireTypeDefs>
            <spirit:wireTypeDef>
              <spirit:typeName>std_logic_vector</spirit:typeName>
              <spirit:viewNameRef>xilinx_vhdlsynthesis</spirit:viewNameRef>
              <spirit:viewNameRef>xilinx_vhdlbehavioralsimulation</spirit:viewNameRef>
            </spirit:wireTypeDef>
          </spirit:wireTypeDefs>
        </spirit:wire>
      </spirit:port>
      <spirit:port>
        <spirit:name>m_axi_awaddr</spirit:name>
        <spirit:wire>
          <spirit:direction>out</spirit:direction>
          <spirit:vector>
            <spirit:left spirit:format="long" spirit:resolve="dependent" spirit:dependency="(spirit:decode(id(&apos;MODELPARAM_VALUE.C_M_AXI_ADDR_WIDTH&apos;)) - 1)">31</spirit:left>
            <spirit:right spirit:format="long">0</spirit:right>
          </spirit:vector>
          <spirit:wireTypeDefs>
            <spirit:wireTypeDef>
              <spirit:typeName>std_logic_vector</spirit:typeName>
              <spirit:viewNameRef>xilinx_vhdlsynthesis</spirit:viewNameRef>
              <spirit:viewNameRef>xilinx_vhdlbehavioralsimulation</spirit:viewNameRef>
            </spirit:wireTypeDef>
          </spirit:wireTypeDefs>
        </spirit:wire>
      </spirit:port>
      <spirit:port>
        <spirit:name>m_axi_awprot</spirit:name>
        <spirit:wire>
          <spirit:direction>out</spirit:direction>
          <spirit:vector>
            <spirit:left spirit:format="long">2</spirit:left>
            <spirit:right spirit:format="long">0</spirit:right>
          </spirit:vector>
          <spirit:wireTypeDefs>
            <spirit:wireTypeDef>
              <spirit:typeName>std_logic_vector</spirit:typeName>
              <spirit:viewNameRef>xilinx_vhdlsynthesis</spirit:viewNameRef>
              <spirit:viewNameRef>xilinx_vhdlbehavioralsimulation</spirit:viewNameRef>
            </spirit:wireTypeDef>
          </spirit:wireTypeDefs>
        </spirit:wire>
      </spirit:port>
      <spirit:port>
        <spirit:name>m_axi_awvalid</spirit:name>
        <spirit:wire>
          <spirit:direction>out</spirit:direction>
          <spirit:wireTypeDefs>
            <spirit:wireTypeDef>
              <spirit:typeName>std_logic</spirit:typeName>
              <spirit:viewNameRef>xilinx_vhdlsynthesis</spirit:viewNameRef>
              <spirit:viewNameRef>xilinx_vhdlbehavioralsimulation</spirit:viewNameRef>
            </spirit:wireTypeDef>
          </spirit:wireTypeDefs>
        </spirit:wire>
      </spirit:port>
      <spirit:port>
        <spirit:name>m_axi_awready</spirit:name>
        <spirit:wire>
          <spirit:direction>in</spirit:direction>
          <spirit:wireTypeDefs>
            <spirit:wireTypeDef>
              <spirit:typeName>std_logic</spirit:typeName>
              <spirit:viewNameRef>xilinx_vhdlsynthesis</spirit:viewNameRef>
              <spirit:viewNameRef>xilinx_vhdlbehavioralsimulation</spirit:viewNameRef>
            </spirit:wireTypeDef>
          </spirit:wireTypeDefs>
          <spirit:driver>
            <spirit:defaultValue spirit:format="long" spirit:bitStringLength="1">0</spirit:defaultValue>
          </spirit:driver>
        </spirit:wire>
      </spirit:port>
      <spirit:port>
        <spirit:name>m_axi_awlock</spirit:name>
        <spirit:wire>
          <spirit:direction>out</spirit:direction>
          <spirit:wireTypeDefs>
            <spirit:wireTypeDef>
              <spirit:typeName>std_logic</spirit:typeName>
              <spirit:viewNameRef>xilinx_vhdlsynthesis</spirit:viewNameRef>
              <spirit:viewNameRef>xilinx_vhdlbehavioralsimulation</spirit:viewNameRef>
            </spirit:wireTypeDef>
          </spirit:wireTypeDefs>
        </spirit:wire>
      </spirit:port>
      <spirit:port>
        <spirit:name>m_axi_wdata</spirit:name>
        <spirit:wire>
          <spirit:direction>out</spirit:direction>
          <spirit:vector>
            <spirit:left spirit:format="long" spirit:resolve="dependent" spirit:dependency="(spirit:decode(id(&apos;MODELPARAM_VALUE.C_M_AXI_DATA_WIDTH&apos;)) - 1)">31</spirit:left>
            <spirit:right spirit:format="long">0</spirit:right>
          </spirit:vector>
          <spirit:wireTypeDefs>
            <spirit:wireTypeDef>
              <spirit:typeName>std_logic_vector</spirit:typeName>
              <spirit:viewNameRef>xilinx_vhdlsynthesis</spirit:viewNameRef>
              <spirit:viewNameRef>xilinx_vhdlbehavioralsimulation</spirit:viewNameRef>
            </spirit:wireTypeDef>
          </spirit:wireTypeDefs>
        </spirit:wire>
      </spirit:port>
      <spirit:port>
        <spirit:name>m_axi_wstrb</spirit:name>
        <spirit:wire>
          <spirit:direction>out</spirit:direction>
          <spirit:vector>
            <spirit:left spirit:format="long" spirit:resolve="dependent" spirit:dependency="((spirit:decode(id(&apos;MODELPARAM_VALUE.C_M_AXI_DATA_WIDTH&apos;)) div 8) - 1)">3</spirit:left>
            <spirit:right spirit:format="long">0</spirit:right>
          </spirit:vector>
          <spirit:wireTypeDefs>
            <spirit:wireTypeDef>
              <spirit:typeName>std_logic_vector</spirit:typeName>
              <spirit:viewNameRef>xilinx_vhdlsynthesis</spirit:viewNameRef>
              <spirit:viewNameRef>xilinx_vhdlbehavioralsimulation</spirit:viewNameRef>
            </spirit:wireTypeDef>
          </spirit:wireTypeDefs>
        </spirit:wire>
      </spirit:port>
      <spirit:port>
        <spirit:name>m_axi_wlast</spirit:name>
        <spirit:wire>
          <spirit:direction>out</spirit:direction>
          <spirit:wireTypeDefs>
            <spirit:wireTypeDef>
              <spirit:typeName>std_logic</spirit:typeName>
              <spirit:viewNameRef>xilinx_vhdlsynthesis</spirit:viewNameRef>
              <spirit:viewNameRef>xilinx_vhdlbehavioralsimulation</spirit:viewNameRef>
            </spirit:wireTypeDef>
          </spirit:wireTypeDefs>
        </spirit:wire>
      </spirit:port>
      <spirit:port>
        <spirit:name>m_axi_wvalid</spirit:name>
        <spirit:wire>
          <spirit:direction>out</spirit:direction>
          <spirit:wireTypeDefs>
            <spirit:wireTypeDef>
              <spirit:typeName>std_logic</spirit:typeName>
              <spirit:viewNameRef>xilinx_vhdlsynthesis</spirit:viewNameRef>
              <spirit:viewNameRef>xilinx_vhdlbehavioralsimulation</spirit:viewNameRef>
            </spirit:wireTypeDef>
          </spirit:wireTypeDefs>
        </spirit:wire>
      </spirit:port>
      <spirit:port>
        <spirit:name>m_axi_wready</spirit:name>
        <spirit:wire>
          <spirit:direction>in</spirit:direction>
          <spirit:wireTypeDefs>
            <spirit:wireTypeDef>
              <spirit:typeName>std_logic</spirit:typeName>
              <spirit:viewNameRef>xilinx_vhdlsynthesis</spirit:viewNameRef>
              <spirit:viewNameRef>xilinx_vhdlbehavioralsimulation</spirit:viewNameRef>
            </spirit:wireTypeDef>
          </spirit:wireTypeDefs>
          <spirit:driver>
            <spirit:defaultValue spirit:format="long" spirit:bitStringLength="1">0</spirit:defaultValue>
          </spirit:driver>
        </spirit:wire>
      </spirit:port>
      <spirit:port>
        <spirit:name>m_axi_bid</spirit:name>
        <spirit:wire>
          <spirit:direction>in</spirit:direction>
          <spirit:vector>
            <spirit:left spirit:format="long" spirit:resolve="dependent" spirit:dependency="(spirit:decode(id(&apos;MODELPARAM_VALUE.C_M_AXI_THREAD_ID_WIDTH&apos;)) - 1)">3</spirit:left>
            <spirit:right spirit:format="long">0</spirit:right>
          </spirit:vector>
          <spirit:wireTypeDefs>
            <spirit:wireTypeDef>
              <spirit:typeName>std_logic_vector</spirit:typeName>
              <spirit:viewNameRef>xilinx_vhdlsynthesis</spirit:viewNameRef>
              <spirit:viewNameRef>xilinx_vhdlbehavioralsimulation</spirit:viewNameRef>
            </spirit:wireTypeDef>
          </spirit:wireTypeDefs>
          <spirit:driver>
            <spirit:defaultValue spirit:format="long" spirit:bitStringLength="1">0</spirit:defaultValue>
          </spirit:driver>
        </spirit:wire>
        <spirit:vendorExtensions>
          <xilinx:portInfo>
            <xilinx:enablement>
              <xilinx:isEnabled xilinx:resolve="dependent" xilinx:id="PORT_ENABLEMENT.m_axi_bid" xilinx:dependency="(spirit:decode(id(&apos;PARAM_VALUE.C_M_AXI_THREAD_ID_WIDTH&apos;)) > 0)">true</xilinx:isEnabled>
            </xilinx:enablement>
          </xilinx:portInfo>
        </spirit:vendorExtensions>
      </spirit:port>
      <spirit:port>
        <spirit:name>m_axi_bresp</spirit:name>
        <spirit:wire>
          <spirit:direction>in</spirit:direction>
          <spirit:vector>
            <spirit:left spirit:format="long">1</spirit:left>
            <spirit:right spirit:format="long">0</spirit:right>
          </spirit:vector>
          <spirit:wireTypeDefs>
            <spirit:wireTypeDef>
              <spirit:typeName>std_logic_vector</spirit:typeName>
              <spirit:viewNameRef>xilinx_vhdlsynthesis</spirit:viewNameRef>
              <spirit:viewNameRef>xilinx_vhdlbehavioralsimulation</spirit:viewNameRef>
            </spirit:wireTypeDef>
          </spirit:wireTypeDefs>
          <spirit:driver>
            <spirit:defaultValue spirit:format="long" spirit:bitStringLength="2">0</spirit:defaultValue>
          </spirit:driver>
        </spirit:wire>
      </spirit:port>
      <spirit:port>
        <spirit:name>m_axi_bvalid</spirit:name>
        <spirit:wire>
          <spirit:direction>in</spirit:direction>
          <spirit:wireTypeDefs>
            <spirit:wireTypeDef>
              <spirit:typeName>std_logic</spirit:typeName>
              <spirit:viewNameRef>xilinx_vhdlsynthesis</spirit:viewNameRef>
              <spirit:viewNameRef>xilinx_vhdlbehavioralsimulation</spirit:viewNameRef>
            </spirit:wireTypeDef>
          </spirit:wireTypeDefs>
          <spirit:driver>
            <spirit:defaultValue spirit:format="long" spirit:bitStringLength="1">0</spirit:defaultValue>
          </spirit:driver>
        </spirit:wire>
      </spirit:port>
      <spirit:port>
        <spirit:name>m_axi_bready</spirit:name>
        <spirit:wire>
          <spirit:direction>out</spirit:direction>
          <spirit:wireTypeDefs>
            <spirit:wireTypeDef>
              <spirit:typeName>std_logic</spirit:typeName>
              <spirit:viewNameRef>xilinx_vhdlsynthesis</spirit:viewNameRef>
              <spirit:viewNameRef>xilinx_vhdlbehavioralsimulation</spirit:viewNameRef>
            </spirit:wireTypeDef>
          </spirit:wireTypeDefs>
        </spirit:wire>
      </spirit:port>
      <spirit:port>
        <spirit:name>m_axi_arid</spirit:name>
        <spirit:wire>
          <spirit:direction>out</spirit:direction>
          <spirit:vector>
            <spirit:left spirit:format="long" spirit:resolve="dependent" spirit:dependency="(spirit:decode(id(&apos;MODELPARAM_VALUE.C_M_AXI_THREAD_ID_WIDTH&apos;)) - 1)">3</spirit:left>
            <spirit:right spirit:format="long">0</spirit:right>
          </spirit:vector>
          <spirit:wireTypeDefs>
            <spirit:wireTypeDef>
              <spirit:typeName>std_logic_vector</spirit:typeName>
              <spirit:viewNameRef>xilinx_vhdlsynthesis</spirit:viewNameRef>
              <spirit:viewNameRef>xilinx_vhdlbehavioralsimulation</spirit:viewNameRef>
            </spirit:wireTypeDef>
          </spirit:wireTypeDefs>
        </spirit:wire>
        <spirit:vendorExtensions>
          <xilinx:portInfo>
            <xilinx:enablement>
              <xilinx:isEnabled xilinx:resolve="dependent" xilinx:id="PORT_ENABLEMENT.m_axi_arid" xilinx:dependency="(spirit:decode(id(&apos;PARAM_VALUE.C_M_AXI_THREAD_ID_WIDTH&apos;)) > 0)">true</xilinx:isEnabled>
            </xilinx:enablement>
          </xilinx:portInfo>
        </spirit:vendorExtensions>
      </spirit:port>
      <spirit:port>
        <spirit:name>m_axi_arlen</spirit:name>
        <spirit:wire>
          <spirit:direction>out</spirit:direction>
          <spirit:vector>
            <spirit:left spirit:format="long">7</spirit:left>
            <spirit:right spirit:format="long">0</spirit:right>
          </spirit:vector>
          <spirit:wireTypeDefs>
            <spirit:wireTypeDef>
              <spirit:typeName>std_logic_vector</spirit:typeName>
              <spirit:viewNameRef>xilinx_vhdlsynthesis</spirit:viewNameRef>
              <spirit:viewNameRef>xilinx_vhdlbehavioralsimulation</spirit:viewNameRef>
            </spirit:wireTypeDef>
          </spirit:wireTypeDefs>
        </spirit:wire>
      </spirit:port>
      <spirit:port>
        <spirit:name>m_axi_arsize</spirit:name>
        <spirit:wire>
          <spirit:direction>out</spirit:direction>
          <spirit:vector>
            <spirit:left spirit:format="long">2</spirit:left>
            <spirit:right spirit:format="long">0</spirit:right>
          </spirit:vector>
          <spirit:wireTypeDefs>
            <spirit:wireTypeDef>
              <spirit:typeName>std_logic_vector</spirit:typeName>
              <spirit:viewNameRef>xilinx_vhdlsynthesis</spirit:viewNameRef>
              <spirit:viewNameRef>xilinx_vhdlbehavioralsimulation</spirit:viewNameRef>
            </spirit:wireTypeDef>
          </spirit:wireTypeDefs>
        </spirit:wire>
      </spirit:port>
      <spirit:port>
        <spirit:name>m_axi_arburst</spirit:name>
        <spirit:wire>
          <spirit:direction>out</spirit:direction>
          <spirit:vector>
            <spirit:left spirit:format="long">1</spirit:left>
            <spirit:right spirit:format="long">0</spirit:right>
          </spirit:vector>
          <spirit:wireTypeDefs>
            <spirit:wireTypeDef>
              <spirit:typeName>std_logic_vector</spirit:typeName>
              <spirit:viewNameRef>xilinx_vhdlsynthesis</spirit:viewNameRef>
              <spirit:viewNameRef>xilinx_vhdlbehavioralsimulation</spirit:viewNameRef>
            </spirit:wireTypeDef>
          </spirit:wireTypeDefs>
        </spirit:wire>
      </spirit:port>
      <spirit:port>
        <spirit:name>m_axi_arprot</spirit:name>
        <spirit:wire>
          <spirit:direction>out</spirit:direction>
          <spirit:vector>
            <spirit:left spirit:format="long">2</spirit:left>
            <spirit:right spirit:format="long">0</spirit:right>
          </spirit:vector>
          <spirit:wireTypeDefs>
            <spirit:wireTypeDef>
              <spirit:typeName>std_logic_vector</spirit:typeName>
              <spirit:viewNameRef>xilinx_vhdlsynthesis</spirit:viewNameRef>
              <spirit:viewNameRef>xilinx_vhdlbehavioralsimulation</spirit:viewNameRef>
            </spirit:wireTypeDef>
          </spirit:wireTypeDefs>
        </spirit:wire>
      </spirit:port>
      <spirit:port>
        <spirit:name>m_axi_arcache</spirit:name>
        <spirit:wire>
          <spirit:direction>out</spirit:direction>
          <spirit:vector>
            <spirit:left spirit:format="long">3</spirit:left>
            <spirit:right spirit:format="long">0</spirit:right>
          </spirit:vector>
          <spirit:wireTypeDefs>
            <spirit:wireTypeDef>
              <spirit:typeName>std_logic_vector</spirit:typeName>
              <spirit:viewNameRef>xilinx_vhdlsynthesis</spirit:viewNameRef>
              <spirit:viewNameRef>xilinx_vhdlbehavioralsimulation</spirit:viewNameRef>
            </spirit:wireTypeDef>
          </spirit:wireTypeDefs>
        </spirit:wire>
      </spirit:port>
      <spirit:port>
        <spirit:name>m_axi_arvalid</spirit:name>
        <spirit:wire>
          <spirit:direction>out</spirit:direction>
          <spirit:wireTypeDefs>
            <spirit:wireTypeDef>
              <spirit:typeName>std_logic</spirit:typeName>
              <spirit:viewNameRef>xilinx_vhdlsynthesis</spirit:viewNameRef>
              <spirit:viewNameRef>xilinx_vhdlbehavioralsimulation</spirit:viewNameRef>
            </spirit:wireTypeDef>
          </spirit:wireTypeDefs>
        </spirit:wire>
      </spirit:port>
      <spirit:port>
        <spirit:name>m_axi_araddr</spirit:name>
        <spirit:wire>
          <spirit:direction>out</spirit:direction>
          <spirit:vector>
            <spirit:left spirit:format="long" spirit:resolve="dependent" spirit:dependency="(spirit:decode(id(&apos;MODELPARAM_VALUE.C_M_AXI_ADDR_WIDTH&apos;)) - 1)">31</spirit:left>
            <spirit:right spirit:format="long">0</spirit:right>
          </spirit:vector>
          <spirit:wireTypeDefs>
            <spirit:wireTypeDef>
              <spirit:typeName>std_logic_vector</spirit:typeName>
              <spirit:viewNameRef>xilinx_vhdlsynthesis</spirit:viewNameRef>
              <spirit:viewNameRef>xilinx_vhdlbehavioralsimulation</spirit:viewNameRef>
            </spirit:wireTypeDef>
          </spirit:wireTypeDefs>
        </spirit:wire>
      </spirit:port>
      <spirit:port>
        <spirit:name>m_axi_arlock</spirit:name>
        <spirit:wire>
          <spirit:direction>out</spirit:direction>
          <spirit:wireTypeDefs>
            <spirit:wireTypeDef>
              <spirit:typeName>std_logic</spirit:typeName>
              <spirit:viewNameRef>xilinx_vhdlsynthesis</spirit:viewNameRef>
              <spirit:viewNameRef>xilinx_vhdlbehavioralsimulation</spirit:viewNameRef>
            </spirit:wireTypeDef>
          </spirit:wireTypeDefs>
        </spirit:wire>
      </spirit:port>
      <spirit:port>
        <spirit:name>m_axi_arready</spirit:name>
        <spirit:wire>
          <spirit:direction>in</spirit:direction>
          <spirit:wireTypeDefs>
            <spirit:wireTypeDef>
              <spirit:typeName>std_logic</spirit:typeName>
              <spirit:viewNameRef>xilinx_vhdlsynthesis</spirit:viewNameRef>
              <spirit:viewNameRef>xilinx_vhdlbehavioralsimulation</spirit:viewNameRef>
            </spirit:wireTypeDef>
          </spirit:wireTypeDefs>
          <spirit:driver>
            <spirit:defaultValue spirit:format="long" spirit:bitStringLength="1">0</spirit:defaultValue>
          </spirit:driver>
        </spirit:wire>
      </spirit:port>
      <spirit:port>
        <spirit:name>m_axi_rid</spirit:name>
        <spirit:wire>
          <spirit:direction>in</spirit:direction>
          <spirit:vector>
            <spirit:left spirit:format="long" spirit:resolve="dependent" spirit:dependency="(spirit:decode(id(&apos;MODELPARAM_VALUE.C_M_AXI_THREAD_ID_WIDTH&apos;)) - 1)">3</spirit:left>
            <spirit:right spirit:format="long">0</spirit:right>
          </spirit:vector>
          <spirit:wireTypeDefs>
            <spirit:wireTypeDef>
              <spirit:typeName>std_logic_vector</spirit:typeName>
              <spirit:viewNameRef>xilinx_vhdlsynthesis</spirit:viewNameRef>
              <spirit:viewNameRef>xilinx_vhdlbehavioralsimulation</spirit:viewNameRef>
            </spirit:wireTypeDef>
          </spirit:wireTypeDefs>
          <spirit:driver>
            <spirit:defaultValue spirit:format="long" spirit:bitStringLength="1">0</spirit:defaultValue>
          </spirit:driver>
        </spirit:wire>
        <spirit:vendorExtensions>
          <xilinx:portInfo>
            <xilinx:enablement>
              <xilinx:isEnabled xilinx:resolve="dependent" xilinx:id="PORT_ENABLEMENT.m_axi_rid" xilinx:dependency="(spirit:decode(id(&apos;PARAM_VALUE.C_M_AXI_THREAD_ID_WIDTH&apos;)) > 0)">true</xilinx:isEnabled>
            </xilinx:enablement>
          </xilinx:portInfo>
        </spirit:vendorExtensions>
      </spirit:port>
      <spirit:port>
        <spirit:name>m_axi_rdata</spirit:name>
        <spirit:wire>
          <spirit:direction>in</spirit:direction>
          <spirit:vector>
            <spirit:left spirit:format="long" spirit:resolve="dependent" spirit:dependency="(spirit:decode(id(&apos;MODELPARAM_VALUE.C_M_AXI_DATA_WIDTH&apos;)) - 1)">31</spirit:left>
            <spirit:right spirit:format="long">0</spirit:right>
          </spirit:vector>
          <spirit:wireTypeDefs>
            <spirit:wireTypeDef>
              <spirit:typeName>std_logic_vector</spirit:typeName>
              <spirit:viewNameRef>xilinx_vhdlsynthesis</spirit:viewNameRef>
              <spirit:viewNameRef>xilinx_vhdlbehavioralsimulation</spirit:viewNameRef>
            </spirit:wireTypeDef>
          </spirit:wireTypeDefs>
        </spirit:wire>
      </spirit:port>
      <spirit:port>
        <spirit:name>m_axi_rresp</spirit:name>
        <spirit:wire>
          <spirit:direction>in</spirit:direction>
          <spirit:vector>
            <spirit:left spirit:format="long">1</spirit:left>
            <spirit:right spirit:format="long">0</spirit:right>
          </spirit:vector>
          <spirit:wireTypeDefs>
            <spirit:wireTypeDef>
              <spirit:typeName>std_logic_vector</spirit:typeName>
              <spirit:viewNameRef>xilinx_vhdlsynthesis</spirit:viewNameRef>
              <spirit:viewNameRef>xilinx_vhdlbehavioralsimulation</spirit:viewNameRef>
            </spirit:wireTypeDef>
          </spirit:wireTypeDefs>
          <spirit:driver>
            <spirit:defaultValue spirit:format="long" spirit:bitStringLength="2">0</spirit:defaultValue>
          </spirit:driver>
        </spirit:wire>
      </spirit:port>
      <spirit:port>
        <spirit:name>m_axi_rvalid</spirit:name>
        <spirit:wire>
          <spirit:direction>in</spirit:direction>
          <spirit:wireTypeDefs>
            <spirit:wireTypeDef>
              <spirit:typeName>std_logic</spirit:typeName>
              <spirit:viewNameRef>xilinx_vhdlsynthesis</spirit:viewNameRef>
              <spirit:viewNameRef>xilinx_vhdlbehavioralsimulation</spirit:viewNameRef>
            </spirit:wireTypeDef>
          </spirit:wireTypeDefs>
          <spirit:driver>
            <spirit:defaultValue spirit:format="long" spirit:bitStringLength="1">0</spirit:defaultValue>
          </spirit:driver>
        </spirit:wire>
      </spirit:port>
      <spirit:port>
        <spirit:name>m_axi_rlast</spirit:name>
        <spirit:wire>
          <spirit:direction>in</spirit:direction>
          <spirit:wireTypeDefs>
            <spirit:wireTypeDef>
              <spirit:typeName>std_logic</spirit:typeName>
              <spirit:viewNameRef>xilinx_vhdlsynthesis</spirit:viewNameRef>
              <spirit:viewNameRef>xilinx_vhdlbehavioralsimulation</spirit:viewNameRef>
            </spirit:wireTypeDef>
          </spirit:wireTypeDefs>
          <spirit:driver>
            <spirit:defaultValue spirit:format="long" spirit:bitStringLength="1">0</spirit:defaultValue>
          </spirit:driver>
        </spirit:wire>
      </spirit:port>
      <spirit:port>
        <spirit:name>m_axi_rready</spirit:name>
        <spirit:wire>
          <spirit:direction>out</spirit:direction>
          <spirit:wireTypeDefs>
            <spirit:wireTypeDef>
              <spirit:typeName>std_logic</spirit:typeName>
              <spirit:viewNameRef>xilinx_vhdlsynthesis</spirit:viewNameRef>
              <spirit:viewNameRef>xilinx_vhdlbehavioralsimulation</spirit:viewNameRef>
            </spirit:wireTypeDef>
          </spirit:wireTypeDefs>
        </spirit:wire>
      </spirit:port>
    </spirit:ports>
    <spirit:modelParameters>
      <spirit:modelParameter xsi:type="spirit:nameValueTypeType" spirit:dataType="string">
        <spirit:name>C_FAMILY</spirit:name>
        <spirit:value spirit:resolve="generated" spirit:id="MODELPARAM_VALUE.C_FAMILY">artix7</spirit:value>
      </spirit:modelParameter>
      <spirit:modelParameter spirit:dataType="string">
        <spirit:name>C_INSTANCE</spirit:name>
        <spirit:displayName>C Instance</spirit:displayName>
        <spirit:value spirit:resolve="generated" spirit:id="MODELPARAM_VALUE.C_INSTANCE">MIPSfpga_system_ahblite_axi_bridge_0_0</spirit:value>
      </spirit:modelParameter>
      <spirit:modelParameter spirit:dataType="integer">
        <spirit:name>C_M_AXI_SUPPORTS_NARROW_BURST</spirit:name>
        <spirit:displayName>Narrow burst support</spirit:displayName>
        <spirit:value spirit:format="long" spirit:resolve="generated" spirit:id="MODELPARAM_VALUE.C_M_AXI_SUPPORTS_NARROW_BURST" spirit:minimum="0" spirit:maximum="1" spirit:rangeType="long">0</spirit:value>
      </spirit:modelParameter>
      <spirit:modelParameter spirit:dataType="integer">
        <spirit:name>C_M_AXI_NON_SECURE</spirit:name>
        <spirit:displayName>NON secure access</spirit:displayName>
        <spirit:value spirit:format="long" spirit:resolve="generated" spirit:id="MODELPARAM_VALUE.C_M_AXI_NON_SECURE" spirit:minimum="0" spirit:maximum="1" spirit:rangeType="long">1</spirit:value>
      </spirit:modelParameter>
      <spirit:modelParameter spirit:dataType="integer">
        <spirit:name>C_S_AHB_ADDR_WIDTH</spirit:name>
        <spirit:displayName>C S Ahb Addr Width</spirit:displayName>
        <spirit:value spirit:format="long" spirit:resolve="generated" spirit:id="MODELPARAM_VALUE.C_S_AHB_ADDR_WIDTH" spirit:minimum="32" spirit:maximum="64" spirit:rangeType="long">32</spirit:value>
      </spirit:modelParameter>
      <spirit:modelParameter spirit:dataType="integer">
        <spirit:name>C_M_AXI_ADDR_WIDTH</spirit:name>
        <spirit:displayName>C M Axi Addr Width</spirit:displayName>
        <spirit:value spirit:format="long" spirit:resolve="generated" spirit:id="MODELPARAM_VALUE.C_M_AXI_ADDR_WIDTH" spirit:minimum="32" spirit:maximum="64" spirit:rangeType="long">32</spirit:value>
      </spirit:modelParameter>
      <spirit:modelParameter spirit:dataType="integer">
        <spirit:name>C_S_AHB_DATA_WIDTH</spirit:name>
        <spirit:displayName>Data width</spirit:displayName>
        <spirit:value spirit:format="long" spirit:resolve="generated" spirit:id="MODELPARAM_VALUE.C_S_AHB_DATA_WIDTH" spirit:minimum="32" spirit:maximum="64" spirit:rangeType="long">32</spirit:value>
      </spirit:modelParameter>
      <spirit:modelParameter spirit:dataType="integer">
        <spirit:name>C_M_AXI_DATA_WIDTH</spirit:name>
        <spirit:displayName>C M Axi Data Width</spirit:displayName>
        <spirit:value spirit:format="long" spirit:resolve="generated" spirit:id="MODELPARAM_VALUE.C_M_AXI_DATA_WIDTH" spirit:minimum="32" spirit:maximum="64" spirit:rangeType="long">32</spirit:value>
      </spirit:modelParameter>
      <spirit:modelParameter spirit:dataType="string">
        <spirit:name>C_M_AXI_PROTOCOL</spirit:name>
        <spirit:displayName>C M Axi Protocol</spirit:displayName>
        <spirit:value spirit:id="MODELPARAM_VALUE.C_M_AXI_PROTOCOL">AXI4</spirit:value>
      </spirit:modelParameter>
      <spirit:modelParameter spirit:dataType="integer">
        <spirit:name>C_M_AXI_THREAD_ID_WIDTH</spirit:name>
        <spirit:displayName>AXI Thread ID width</spirit:displayName>
        <spirit:value spirit:format="long" spirit:resolve="generated" spirit:id="MODELPARAM_VALUE.C_M_AXI_THREAD_ID_WIDTH" spirit:minimum="0" spirit:maximum="16" spirit:rangeType="long">4</spirit:value>
      </spirit:modelParameter>
      <spirit:modelParameter spirit:dataType="integer">
        <spirit:name>C_AHB_AXI_TIMEOUT</spirit:name>
        <spirit:displayName>Timeout Count</spirit:displayName>
        <spirit:value spirit:format="long" spirit:resolve="generated" spirit:id="MODELPARAM_VALUE.C_AHB_AXI_TIMEOUT">256</spirit:value>
      </spirit:modelParameter>
    </spirit:modelParameters>
  </spirit:model>
  <spirit:choices>
    <spirit:choice>
      <spirit:name>choice_list_99ba8646</spirit:name>
      <spirit:enumeration>32</spirit:enumeration>
      <spirit:enumeration>64</spirit:enumeration>
    </spirit:choice>
    <spirit:choice>
      <spirit:name>choice_list_ba135399</spirit:name>
      <spirit:enumeration>0</spirit:enumeration>
      <spirit:enumeration>16</spirit:enumeration>
      <spirit:enumeration>32</spirit:enumeration>
      <spirit:enumeration>64</spirit:enumeration>
      <spirit:enumeration>128</spirit:enumeration>
      <spirit:enumeration>256</spirit:enumeration>
    </spirit:choice>
    <spirit:choice>
      <spirit:name>choice_pairs_4873554b</spirit:name>
      <spirit:enumeration spirit:text="false">0</spirit:enumeration>
      <spirit:enumeration spirit:text="true">1</spirit:enumeration>
    </spirit:choice>
  </spirit:choices>
  <spirit:fileSets>
    <spirit:fileSet>
      <spirit:name>xilinx_vhdlsynthesis_view_fileset</spirit:name>
      <spirit:file>
        <spirit:name>../../ipshared/df6a/hdl/ahblite_axi_bridge_v3_0_vh_rfs.vhd</spirit:name>
        <spirit:fileType>vhdlSource</spirit:fileType>
        <spirit:logicalName>ahblite_axi_bridge_v3_0_13</spirit:logicalName>
      </spirit:file>
      <spirit:file>
        <spirit:name>MIPSfpga_system_ahblite_axi_bridge_0_0_ooc.xdc</spirit:name>
        <spirit:userFileType>xdc</spirit:userFileType>
        <spirit:userFileType>USED_IN_implementation</spirit:userFileType>
        <spirit:userFileType>USED_IN_out_of_context</spirit:userFileType>
        <spirit:userFileType>USED_IN_synthesis</spirit:userFileType>
      </spirit:file>
    </spirit:fileSet>
    <spirit:fileSet>
      <spirit:name>xilinx_vhdlsynthesiswrapper_view_fileset</spirit:name>
      <spirit:file>
        <spirit:name>synth/MIPSfpga_system_ahblite_axi_bridge_0_0.vhd</spirit:name>
        <spirit:fileType>vhdlSource</spirit:fileType>
        <spirit:logicalName>xil_defaultlib</spirit:logicalName>
      </spirit:file>
    </spirit:fileSet>
    <spirit:fileSet>
      <spirit:name>xilinx_vhdlbehavioralsimulation_view_fileset</spirit:name>
      <spirit:file>
        <spirit:name>../../ipshared/df6a/hdl/ahblite_axi_bridge_v3_0_vh_rfs.vhd</spirit:name>
        <spirit:fileType>vhdlSource</spirit:fileType>
        <spirit:userFileType>USED_IN_ipstatic</spirit:userFileType>
        <spirit:logicalName>ahblite_axi_bridge_v3_0_13</spirit:logicalName>
      </spirit:file>
    </spirit:fileSet>
    <spirit:fileSet>
      <spirit:name>xilinx_vhdlsimulationwrapper_view_fileset</spirit:name>
      <spirit:file>
        <spirit:name>sim/MIPSfpga_system_ahblite_axi_bridge_0_0.vhd</spirit:name>
        <spirit:fileType>vhdlSource</spirit:fileType>
        <spirit:logicalName>xil_defaultlib</spirit:logicalName>
      </spirit:file>
    </spirit:fileSet>
  </spirit:fileSets>
  <spirit:description>Connects AXI slave with AHB-Lite masters</spirit:description>
  <spirit:parameters>
    <spirit:parameter>
      <spirit:name>C_AHB_AXI_TIMEOUT</spirit:name>
      <spirit:displayName>Timeout Count</spirit:displayName>
      <spirit:description>Bridge waits till the timeout cycles specified</spirit:description>
      <spirit:value spirit:format="long" spirit:resolve="user" spirit:id="PARAM_VALUE.C_AHB_AXI_TIMEOUT" spirit:choiceRef="choice_list_ba135399" spirit:order="1800">256</spirit:value>
      <spirit:vendorExtensions>
        <xilinx:parameterInfo>
          <xilinx:enablement>
            <xilinx:isEnabled xilinx:resolve="dependent" xilinx:id="PARAM_ENABLEMENT.C_AHB_AXI_TIMEOUT">true</xilinx:isEnabled>
          </xilinx:enablement>
        </xilinx:parameterInfo>
      </spirit:vendorExtensions>
    </spirit:parameter>
    <spirit:parameter>
      <spirit:name>C_M_AXI_THREAD_ID_WIDTH</spirit:name>
      <spirit:displayName>AXI Thread ID width</spirit:displayName>
      <spirit:description>AXI Thread ID Width</spirit:description>
      <spirit:value spirit:format="long" spirit:resolve="user" spirit:id="PARAM_VALUE.C_M_AXI_THREAD_ID_WIDTH" spirit:order="1500" spirit:minimum="0" spirit:maximum="16" spirit:rangeType="long">4</spirit:value>
      <spirit:vendorExtensions>
        <xilinx:parameterInfo>
          <xilinx:enablement>
            <xilinx:isEnabled xilinx:resolve="dependent" xilinx:id="PARAM_ENABLEMENT.C_M_AXI_THREAD_ID_WIDTH">true</xilinx:isEnabled>
          </xilinx:enablement>
        </xilinx:parameterInfo>
      </spirit:vendorExtensions>
    </spirit:parameter>
    <spirit:parameter>
      <spirit:name>C_S_AHB_DATA_WIDTH</spirit:name>
      <spirit:displayName>Data width</spirit:displayName>
      <spirit:description>AHB - AXI Data Width</spirit:description>
      <spirit:value spirit:format="long" spirit:resolve="user" spirit:id="PARAM_VALUE.C_S_AHB_DATA_WIDTH" spirit:choiceRef="choice_list_99ba8646" spirit:order="1400">32</spirit:value>
      <spirit:vendorExtensions>
        <xilinx:parameterInfo>
          <xilinx:enablement>
            <xilinx:isEnabled xilinx:resolve="dependent" xilinx:id="PARAM_ENABLEMENT.C_S_AHB_DATA_WIDTH">true</xilinx:isEnabled>
          </xilinx:enablement>
        </xilinx:parameterInfo>
      </spirit:vendorExtensions>
    </spirit:parameter>
    <spirit:parameter>
      <spirit:name>C_M_AXI_SUPPORTS_NARROW_BURST</spirit:name>
      <spirit:displayName>Narrow burst support</spirit:displayName>
      <spirit:description>Bridge support for narrow burst</spirit:description>
      <spirit:value spirit:format="long" spirit:resolve="user" spirit:id="PARAM_VALUE.C_M_AXI_SUPPORTS_NARROW_BURST" spirit:choiceRef="choice_pairs_4873554b" spirit:order="1300">0</spirit:value>
      <spirit:vendorExtensions>
        <xilinx:parameterInfo>
          <xilinx:enablement>
            <xilinx:isEnabled xilinx:resolve="dependent" xilinx:id="PARAM_ENABLEMENT.C_M_AXI_SUPPORTS_NARROW_BURST">true</xilinx:isEnabled>
          </xilinx:enablement>
        </xilinx:parameterInfo>
      </spirit:vendorExtensions>
    </spirit:parameter>
    <spirit:parameter>
      <spirit:name>C_M_AXI_NON_SECURE</spirit:name>
      <spirit:displayName>Non Secure access</spirit:displayName>
      <spirit:description>NON Secure access from AXI Master</spirit:description>
      <spirit:value spirit:format="long" spirit:resolve="user" spirit:id="PARAM_VALUE.C_M_AXI_NON_SECURE" spirit:choiceRef="choice_pairs_4873554b" spirit:order="1330">1</spirit:value>
      <spirit:vendorExtensions>
        <xilinx:parameterInfo>
          <xilinx:enablement>
            <xilinx:isEnabled xilinx:resolve="dependent" xilinx:id="PARAM_ENABLEMENT.C_M_AXI_NON_SECURE">true</xilinx:isEnabled>
          </xilinx:enablement>
        </xilinx:parameterInfo>
      </spirit:vendorExtensions>
    </spirit:parameter>
    <spirit:parameter>
      <spirit:name>C_EXTENDED_ADDRESS_WIDTH</spirit:name>
      <spirit:displayName>Address Width</spirit:displayName>
      <spirit:description>Address width on Slave AHB and Master AXI interface</spirit:description>
      <spirit:value spirit:format="long" spirit:resolve="user" spirit:id="PARAM_VALUE.C_EXTENDED_ADDRESS_WIDTH" spirit:order="1650" spirit:minimum="32" spirit:maximum="64" spirit:rangeType="long">32</spirit:value>
      <spirit:vendorExtensions>
        <xilinx:parameterInfo>
          <xilinx:enablement>
            <xilinx:isEnabled xilinx:resolve="dependent" xilinx:id="PARAM_ENABLEMENT.C_EXTENDED_ADDRESS_WIDTH">true</xilinx:isEnabled>
          </xilinx:enablement>
        </xilinx:parameterInfo>
      </spirit:vendorExtensions>
    </spirit:parameter>
    <spirit:parameter>
      <spirit:name>Component_Name</spirit:name>
      <spirit:value spirit:resolve="user" spirit:id="PARAM_VALUE.Component_Name" spirit:order="1">MIPSfpga_system_ahblite_axi_bridge_0_0</spirit:value>
      <spirit:vendorExtensions>
        <xilinx:parameterInfo>
          <xilinx:enablement>
            <xilinx:isEnabled xilinx:resolve="dependent" xilinx:id="PARAM_ENABLEMENT.Component_Name">true</xilinx:isEnabled>
          </xilinx:enablement>
        </xilinx:parameterInfo>
      </spirit:vendorExtensions>
    </spirit:parameter>
    <spirit:parameter>
      <spirit:name>C_M_AXI_DATA_WIDTH</spirit:name>
      <spirit:displayName>C M Axi Data Width</spirit:displayName>
      <spirit:value spirit:format="long" spirit:resolve="user" spirit:id="PARAM_VALUE.C_M_AXI_DATA_WIDTH" spirit:order="1450">32</spirit:value>
      <spirit:vendorExtensions>
        <xilinx:parameterInfo>
          <xilinx:enablement>
            <xilinx:isEnabled xilinx:resolve="dependent" xilinx:id="PARAM_ENABLEMENT.C_M_AXI_DATA_WIDTH">true</xilinx:isEnabled>
          </xilinx:enablement>
        </xilinx:parameterInfo>
      </spirit:vendorExtensions>
    </spirit:parameter>
    <spirit:parameter>
      <spirit:name>C_INSTANCE</spirit:name>
      <spirit:displayName>C Instance</spirit:displayName>
      <spirit:value spirit:resolve="user" spirit:id="PARAM_VALUE.C_INSTANCE" spirit:order="1100">ahblite_axi_bridge_inst</spirit:value>
      <spirit:vendorExtensions>
        <xilinx:parameterInfo>
          <xilinx:enablement>
            <xilinx:isEnabled xilinx:resolve="dependent" xilinx:id="PARAM_ENABLEMENT.C_INSTANCE">true</xilinx:isEnabled>
          </xilinx:enablement>
        </xilinx:parameterInfo>
      </spirit:vendorExtensions>
    </spirit:parameter>
  </spirit:parameters>
  <spirit:vendorExtensions>
    <xilinx:coreExtensions>
      <xilinx:displayName>AHB-Lite to AXI Bridge</xilinx:displayName>
      <xilinx:coreRevision>13</xilinx:coreRevision>
      <xilinx:configElementInfos>
        <xilinx:configElementInfo xilinx:referenceId="BUSIFPARAM_VALUE.AHB_CLK.CLK_DOMAIN" xilinx:valueSource="default_prop" xilinx:valuePermission="bd"/>
        <xilinx:configElementInfo xilinx:referenceId="BUSIFPARAM_VALUE.M_AXI.ADDR_WIDTH" xilinx:valueSource="user" xilinx:valuePermission="bd"/>
        <xilinx:configElementInfo xilinx:referenceId="BUSIFPARAM_VALUE.M_AXI.ARUSER_WIDTH" xilinx:valueSource="constant" xilinx:valuePermission="bd"/>
        <xilinx:configElementInfo xilinx:referenceId="BUSIFPARAM_VALUE.M_AXI.AWUSER_WIDTH" xilinx:valueSource="constant" xilinx:valuePermission="bd"/>
        <xilinx:configElementInfo xilinx:referenceId="BUSIFPARAM_VALUE.M_AXI.BUSER_WIDTH" xilinx:valueSource="constant" xilinx:valuePermission="bd"/>
        <xilinx:configElementInfo xilinx:referenceId="BUSIFPARAM_VALUE.M_AXI.CLK_DOMAIN" xilinx:valueSource="default_prop" xilinx:valuePermission="bd"/>
        <xilinx:configElementInfo xilinx:referenceId="BUSIFPARAM_VALUE.M_AXI.DATA_WIDTH" xilinx:valueSource="user" xilinx:valuePermission="bd"/>
        <xilinx:configElementInfo xilinx:referenceId="BUSIFPARAM_VALUE.M_AXI.FREQ_HZ" xilinx:valuePermission="bd"/>
        <xilinx:configElementInfo xilinx:referenceId="BUSIFPARAM_VALUE.M_AXI.HAS_BRESP" xilinx:valueSource="constant" xilinx:valuePermission="bd"/>
        <xilinx:configElementInfo xilinx:referenceId="BUSIFPARAM_VALUE.M_AXI.HAS_BURST" xilinx:valueSource="constant" xilinx:valuePermission="bd"/>
        <xilinx:configElementInfo xilinx:referenceId="BUSIFPARAM_VALUE.M_AXI.HAS_CACHE" xilinx:valueSource="constant" xilinx:valuePermission="bd"/>
        <xilinx:configElementInfo xilinx:referenceId="BUSIFPARAM_VALUE.M_AXI.HAS_LOCK" xilinx:valueSource="constant" xilinx:valuePermission="bd"/>
        <xilinx:configElementInfo xilinx:referenceId="BUSIFPARAM_VALUE.M_AXI.HAS_PROT" xilinx:valueSource="constant" xilinx:valuePermission="bd"/>
        <xilinx:configElementInfo xilinx:referenceId="BUSIFPARAM_VALUE.M_AXI.HAS_QOS" xilinx:valueSource="constant" xilinx:valuePermission="bd"/>
        <xilinx:configElementInfo xilinx:referenceId="BUSIFPARAM_VALUE.M_AXI.HAS_REGION" xilinx:valueSource="constant" xilinx:valuePermission="bd"/>
        <xilinx:configElementInfo xilinx:referenceId="BUSIFPARAM_VALUE.M_AXI.HAS_RRESP" xilinx:valueSource="constant" xilinx:valuePermission="bd"/>
        <xilinx:configElementInfo xilinx:referenceId="BUSIFPARAM_VALUE.M_AXI.HAS_WSTRB" xilinx:valueSource="constant" xilinx:valuePermission="bd"/>
        <xilinx:configElementInfo xilinx:referenceId="BUSIFPARAM_VALUE.M_AXI.ID_WIDTH" xilinx:valueSource="user" xilinx:valuePermission="bd"/>
        <xilinx:configElementInfo xilinx:referenceId="BUSIFPARAM_VALUE.M_AXI.MAX_BURST_LENGTH" xilinx:valuePermission="bd"/>
        <xilinx:configElementInfo xilinx:referenceId="BUSIFPARAM_VALUE.M_AXI.NUM_READ_OUTSTANDING" xilinx:valuePermission="bd"/>
        <xilinx:configElementInfo xilinx:referenceId="BUSIFPARAM_VALUE.M_AXI.NUM_READ_THREADS" xilinx:valuePermission="bd"/>
        <xilinx:configElementInfo xilinx:referenceId="BUSIFPARAM_VALUE.M_AXI.NUM_WRITE_OUTSTANDING" xilinx:valuePermission="bd"/>
        <xilinx:configElementInfo xilinx:referenceId="BUSIFPARAM_VALUE.M_AXI.NUM_WRITE_THREADS" xilinx:valuePermission="bd"/>
        <xilinx:configElementInfo xilinx:referenceId="BUSIFPARAM_VALUE.M_AXI.PHASE" xilinx:valuePermission="bd"/>
        <xilinx:configElementInfo xilinx:referenceId="BUSIFPARAM_VALUE.M_AXI.PROTOCOL" xilinx:valueSource="constant" xilinx:valuePermission="bd"/>
        <xilinx:configElementInfo xilinx:referenceId="BUSIFPARAM_VALUE.M_AXI.READ_WRITE_MODE" xilinx:valueSource="constant" xilinx:valuePermission="bd"/>
        <xilinx:configElementInfo xilinx:referenceId="BUSIFPARAM_VALUE.M_AXI.RUSER_BITS_PER_BYTE" xilinx:valuePermission="bd"/>
        <xilinx:configElementInfo xilinx:referenceId="BUSIFPARAM_VALUE.M_AXI.RUSER_WIDTH" xilinx:valueSource="constant" xilinx:valuePermission="bd"/>
        <xilinx:configElementInfo xilinx:referenceId="BUSIFPARAM_VALUE.M_AXI.SUPPORTS_NARROW_BURST" xilinx:valueSource="user" xilinx:valuePermission="bd"/>
        <xilinx:configElementInfo xilinx:referenceId="BUSIFPARAM_VALUE.M_AXI.WUSER_BITS_PER_BYTE" xilinx:valuePermission="bd"/>
        <xilinx:configElementInfo xilinx:referenceId="BUSIFPARAM_VALUE.M_AXI.WUSER_WIDTH" xilinx:valueSource="constant" xilinx:valuePermission="bd"/>
        <xilinx:configElementInfo xilinx:referenceId="PARAM_VALUE.C_AHB_AXI_TIMEOUT" xilinx:valueSource="user"/>
      </xilinx:configElementInfos>
    </xilinx:coreExtensions>
    <xilinx:packagingInfo>
      <xilinx:xilinxVersion>2018.2</xilinx:xilinxVersion>
      <xilinx:checksum xilinx:scope="busInterfaces" xilinx:value="10be8be0"/>
      <xilinx:checksum xilinx:scope="addressSpaces" xilinx:value="b624f299"/>
      <xilinx:checksum xilinx:scope="fileGroups" xilinx:value="b7cfa777"/>
      <xilinx:checksum xilinx:scope="ports" xilinx:value="eccd418f"/>
      <xilinx:checksum xilinx:scope="hdlParameters" xilinx:value="4f2754ad"/>
      <xilinx:checksum xilinx:scope="parameters" xilinx:value="fb15a85d"/>
    </xilinx:packagingInfo>
  </spirit:vendorExtensions>
</spirit:component>
