<?xml version="1.0" encoding="UTF-8"?>
<GenRun Id="synth_1" LaunchPart="xc7a100tcsg324-1" LaunchTime="1589330507">
  <File Type="PA-TCL" Name="MIPSfpga_system_wrapper.tcl"/>
  <File Type="RDS-PROPCONSTRS" Name="MIPSfpga_system_wrapper_drc_synth.rpt"/>
  <File Type="REPORTS-TCL" Name="MIPSfpga_system_wrapper_reports.tcl"/>
  <File Type="RDS-RDS" Name="MIPSfpga_system_wrapper.vds"/>
  <File Type="RDS-UTIL" Name="MIPSfpga_system_wrapper_utilization_synth.rpt"/>
  <File Type="RDS-UTIL-PB" Name="MIPSfpga_system_wrapper_utilization_synth.pb"/>
  <File Type="RDS-DCP" Name="MIPSfpga_system_wrapper.dcp"/>
  <File Type="VDS-TIMINGSUMMARY" Name="MIPSfpga_system_wrapper_timing_summary_synth.rpt"/>
  <File Type="VDS-TIMING-PB" Name="MIPSfpga_system_wrapper_timing_summary_synth.pb"/>
  <FileSet Name="sources" Type="DesignSrcs" RelSrcDir="$PSRCDIR/sources_1">
    <Filter Type="Srcs"/>
    <File Path="$PSRCDIR/sources_1/bd/MIPSfpga_system/MIPSfpga_system.bd">
      <FileInfo>
        <Attr Name="UsedIn" Val="synthesis"/>
        <Attr Name="UsedIn" Val="implementation"/>
        <Attr Name="UsedIn" Val="simulation"/>
      </FileInfo>
    </File>
    <File Path="$PSRCDIR/sources_1/bd/MIPSfpga_system/hdl/MIPSfpga_system_wrapper.v">
      <FileInfo>
        <Attr Name="UsedIn" Val="synthesis"/>
        <Attr Name="UsedIn" Val="implementation"/>
        <Attr Name="UsedIn" Val="simulation"/>
      </FileInfo>
    </File>
    <File Path="$PPRDIR/ram_init.coe">
      <FileInfo>
        <Attr Name="UsedIn" Val="synthesis"/>
        <Attr Name="UsedIn" Val="simulation"/>
      </FileInfo>
    </File>
    <Config>
      <Option Name="DesignMode" Val="RTL"/>
      <Option Name="TopModule" Val="MIPSfpga_system_wrapper"/>
      <Option Name="TopAutoSet" Val="TRUE"/>
    </Config>
  </FileSet>
  <FileSet Name="constrs_in" Type="Constrs" RelSrcDir="$PSRCDIR/constrs_1">
    <Filter Type="Constrs"/>
    <File Path="$PSRCDIR/constrs_1/imports/MIPSfpga_Peripheral_2017/MIPSfpga_axi4.xdc">
      <FileInfo>
        <Attr Name="ImportPath" Val="$PPRDIR/../../MIPSfpga_Peripheral_2017/MIPSfpga_axi4.xdc"/>
        <Attr Name="ImportTime" Val="1488590412"/>
        <Attr Name="UsedIn" Val="synthesis"/>
        <Attr Name="UsedIn" Val="implementation"/>
      </FileInfo>
    </File>
    <Config>
      <Option Name="ConstrsType" Val="XDC"/>
    </Config>
  </FileSet>
  <Strategy Version="1" Minor="2">
    <StratHandle Name="Vivado Synthesis Defaults" Flow="Vivado Synthesis 2015"/>
    <Step Id="synth_design"/>
  </Strategy>
</GenRun>
